Abingdon Road,Historic British Colonies
Adam Drive,Road Name
Adam Road,Historical Figures
Adis Road,Historical Figures
Admiralty Drive,Military History
Admiralty Lane,Military Figure
Admiralty Link,Military Heritage
Admiralty Road,Military Figures
Admiralty Street,Military
Ah Hood Gardens,Botanical
Ah Hood Road,Historical Figures
Ah Soo Walk,Historical Figures
Aida Street,Mozart Streets
Airline Road,Aviation
Airport Boulevard,Aviation Way
Airport Cargo Road,Airport Logistics
Airport Road,Airport Infrastructure
Akyab Road,Rare Names
Albert Street,Historical Figures
Albert Winsemius Lane,Industrial Pioneers
Alexandra Central,Transport Hub
Alexandra Lane,Historical Figures
Alexandra Road,Historical Figures
Alexandra Terrace,Historical Figures
Aliwal Street,Historical figure
Aljunied Avenue 1,Avenue
Aljunied Avenue 2,Road Infrastructure
Aljunied Avenue 3,Avenue
Aljunied Avenue 4,Avenue
Aljunied Avenue 5,Historical Figures
Aljunied Crescent,Historical Figures
Aljunied Road,Road
Aljunied Walk,Waterfront
Alkaff Crescent,Tropical Fruits
Allanbrooke Road,Military
Allenby Road,Road Named After Military Figure
Allotment Gardens,Botanical
Almond Avenue,Nut-Based Names
Almond Crescent,Nut-Themed Street
Almond Street,Nuts
Alnwick Road,Royalty Names
Alps Avenue,Mountain Names
Ama Keng Road,Historical Figures
Amaranda Gardens,Botanical Names
Amber Close,Amber Road
Amber Gardens,Garden Subdivision
Amber Road,Amber Street
Amk Central Heights,Urban Housing Development
Amk Tech Link,Tech & Industry
Amoy Street,Chinatown Streets
Anamalai Avenue,Hill Station Road
Anchorvale Close,Waterfront
Anchorvale Crescent,Waterfront
Anchorvale Drive,Waterfront
Anchorvale Gardens,Nature & Horticulture
Anchorvale Lane,Waterfront
Anchorvale Link,Waterfront
Anchorvale Road,Historical Figures
Anchorvale Street,Riverfront
Anchorvale Walk,Waterfront
Anderson Road,Historic Figures
Andover Road,British Towns
Andrew Road,Historic Figures
Andrews Avenue,Historical Figure
Andrews Terrace,Historical Figures
Ang Mo Kio Avenue 1,Avenue Names
Ang Mo Kio Avenue 10,Residential
Ang Mo Kio Avenue 12,Modern Urban Infrastructure
Ang Mo Kio Avenue 2,Avenue
Ang Mo Kio Avenue 3,Avenue
Ang Mo Kio Avenue 4,Avenue
Ang Mo Kio Avenue 5,Modern Urban Infrastructure
Ang Mo Kio Avenue 6,Avenue
Ang Mo Kio Avenue 8,Avenue
Ang Mo Kio Avenue 9,Avenue
Ang Mo Kio Central 1,Singapore Place Names
Ang Mo Kio Central 2,Urban Infrastructure
Ang Mo Kio Central 3,Urban Planning
Ang Mo Kio Drive,Road
Ang Mo Kio Electronics Park Road,Electronics Industry
Ang Mo Kio Heights,Hilltop Residential
Ang Mo Kio Rise,Upscale Residential
Ang Mo Kio Street 11,Urban Infrastructure
Ang Mo Kio Street 12,Residential Streets
Ang Mo Kio Street 13,Anglo-Chinese Streets
Ang Mo Kio Street 21,Neighborhood Streets
Ang Mo Kio Street 22,Modern Infrastructure
Ang Mo Kio Street 23,Residential Streets
Ang Mo Kio Street 24,Urban Development
Ang Mo Kio Street 31,Residential Streets
Ang Mo Kio Street 32,Ang Mo Kio
Ang Mo Kio Street 41,Residential Thoroughfare
Ang Mo Kio Street 42,Urban Planning
Ang Mo Kio Street 43,Ang Mo Kio Streets
Ang Mo Kio Street 44,Residential Streets
Ang Mo Kio Street 51,Avenue
Ang Mo Kio Street 52,Food Market
Ang Mo Kio Street 53,Residential Thoroughfare
Ang Mo Kio Street 54,Housing Estate
Ang Mo Kio Street 61,Residential
Ang Mo Kio Street 62,Avenue
Ang Mo Kio Street 63,Residential Streets
Ang Mo Kio Street 64,Avenue
Ang Mo Kio Street 65,Kwang Hua Street
Ang Mo Kio Street 66,Avenue Numbering
Ang Mo Kio Street 81,Kangaroo Avenue
Ang Mo Kio Street 82,Residential
Ang Siang Hill,Historic Figures
Angklong Lane,Riverside Lanes
Angora Close,Animal Fibre
Angsana Avenue,Tropical Plants
Angsana Drive,Tropical Flowers
Angsana Green East Coast Parkway,Nature-Based
Angsana Road,Tropical Plants
Ann Siang Hill,Historical Landmark
Ann Siang Road,Cultural Heritage
Anson Road,Historical Figures
Anthony Road,Colonial Figures
Arab Street,Islamic Heritage
Arcadia Road,Arcadian
Architecture Drive,Architectural Landmark
Ark Lane,Mythical Creatures
Armenian Street,Historical Streets
Arnasalam Chetty Road,Historical Figures
Aroozoo Avenue,Famous Personalities
Aroozoo Lane,Plantation Theme
Arthur Road,Road Named After Person
Artillery Avenue,Military Names
Arts Link,Cultural Connection
Arumugam Road,Tamil Heritage
Arun Road,Historical Figures
Ascot Rise,Historical Figures
Asia Square,Business District
Asimont Lane,Historical Figures
Aspen Heights,Luxury Residential
Astrid Hill,Historical Figures
Attap Valley Road,Tropical Architecture
Ava Road,Avenue
Aviation Drive,Aviation
Aviation Park Road,Aviation Theme
Avila Gardens,Gardens
Avon Road,River Street
Ayer Merbau Road,Historical Landmark
Ayer Rajah Avenue,Avenue
Ayer Rajah Crescent,Historical Figure
Ayer Rajah Drive,Industrial Estate
Ayer Rajah Expressway,Expressway
Ayer Samak Crescent,Aquatic Life
Ayer Samak Heights,Hilltop Housing Estate
Baboo Lane,Narrow Alley
Baghdad Street,Historical Place
Bah Soon Pah Close,Nature
Bah Soon Pah Road,Historical Figures
Bain Street,Riverfront
Baker Street,Literary Characters
Balam Gardens,Tropical Flora
Balam Road,Nature
Balestier Road,Historical Figure
Bali Lane,Tropical Places
Balmeg Hill,Hill
Balmoral Crescent,Historic Figures
Balmoral Heights,Hilltop Residential
Balmoral Road,Balmoral Roads
Ban San Street,Sungai Tai Names
Banda Street,Fruit And Vegetable
Bangkit Road,Food Streets
Banyan Avenue,Tropical Trees
Banyan Drive,Tropical Plants
Banyan Road,Tropical Botanical
Barbary Walk,Tropical Birds
Barker Road,Historical Figure
Barossa Gardens,Botanical
Bartley Road,Nature
Bartley Walk,Nature Trail
Bassein Road,Waterway
Bath Road,Waterway
Battersea Road,Victorian Architecture
Battery Road,Historical Figures
Bay East Drive,Waterfront Drive
Bayfront Avenue,Waterfront
Bayfront Link,Waterfront
Bayshore Avenue,Coastal Residential
Bayshore Close,Waterfront Residential
Bayshore Drive,Waterfront Way
Bayshore Road,Coastal Location
Bayshore Street,Waterfront
Bayshore Terrace,Tropical Coastal
Bayshore Walk,Waterfront Promenade
Bayswater Road,Road by Bay
Bbq Terrace,Food & Dining
Beach Road,Coastal Route
Beach Road Gardens,Garden Coastal
Beach Walk,Beach Life
Beacon Heights,Hilltop Residential
Beatty Lane,Artists And Musicians
Beatty Road,Historical Figures
Bedford Road,Historic Names
Bedok Avenue,Avenue Names
Bedok Central,Suburban Hub
Bedok Close,Close Streets
Bedok Lane,Hawker Centres
Bedok North Avenue 1,Avenue
Bedok North Avenue 2,Avenue Names
Bedok North Avenue 3,Avenue Numbered
Bedok North Avenue 4,Urban Grid
Bedok North Drive,Road
Bedok North Road,Road Infrastructure
Bedok North Street 1,Road Infrastructure
Bedok North Street 2,Avenue Numbering
Bedok North Street 3,Residential
Bedok North Street 4,Residential
Bedok North Street 5,Suburban Thoroughfare
Bedok Reservoir Crescent,Waterfront Residential
Bedok Reservoir Road,Waterway
Bedok Ria Crescent,Nature-Inspired
Bedok Ria Drive,Residential
Bedok Ria Terrace,Tropical Vegetation
Bedok Ria Walk,Waterfront Stroll
Bedok Rise,Nature
Bedok Road,Road Name
Bedok South Avenue 1,Residential Road
Bedok South Avenue 2,Avenue
Bedok South Avenue 3,Suburban Infrastructure
Bedok South Road,Road Network
Bedok Terrace,Tropical Residence
Bedok Walk,Residential
Bee San Avenue,Avenue Names
Begonia Crescent,Boulevard Of Blooms
Begonia Drive,Flower Street
Begonia Lane,Flower Street
Begonia Road,Boulevard Of Flowers
Begonia Terrace,Flower Street
Begonia Walk,Floral Path
Belgravia Drive,Historical Figures
Belilios Lane,Raffles Place
Belilios Road,Famous Names
Belimbing Avenue,Fruit Names
Belmont Road,Historical Figures
Bencoolen Link,Heritage
Bencoolen Street,Historic Trade Route
Bendemeer Road,Industrial Heritage
Beng Wan Road,Riverine
Benoi Crescent,Riverine
Benoi Lane,Historic Place Names
Benoi Road,Rural Landmarks
Beo Crescent,Riverine
Berkshire Road,British Counties
Berlayar Close,Nautical
Berlayar Drive,Waterfront
Berlayar Street,Waterfront
Bermuda Road,Tropical Geographies
Bernam Street,Historical Figures
Berrima Road,Colonial British
Berwick Drive,Historical
Beverly Hill,Historical Figures
Bhamo Road,Naming after Burmese city
Bicester Road,British Colony Names
Bidadari Park Drive,Nature
Bideford Road,Road Names
Biggin Hill Road,World War II Aircraft
Bilal Lane,Islamic
Binchang Rise,Rise Names
Binchang Walk,Historical Figures
Binjai Hill,Hill Names
Binjai Rise,Upscale Development
Binjai Walk,Tropical Greens
Biopolis Drive,Scientific Research Park
Biopolis Link,Scientific Research Park
Biopolis Road,Scientific Hub
Biopolis Street,Life Sciences
Biopolis Way,Science Park
Birch Road,Nature
Bird Cage Walk,Historical Figures
Bird Park Drive,Bird-themed Street
Bishan Heights,Hilltop Residential
Bishan Lane,Residential Lane
Bishan Road,River
Bishan Street 11,Transportation
Bishan Street 12,Suburban Residential
Bishan Street 13,Suburban Roads
Bishan Street 14,Suburban Streets
Bishan Street 15,Suburban Residential
Bishan Street 21,Nature-Inspired
Bishan Street 22,Residential Road
Bishan Street 23,Neighborhood Blocks
Bishan Street 24,Road Number
Bishan Street 25,Suburban Address
Blackmore Drive,Historic Figures
Blair Road,Historical Figures
Blandford Drive,Historical Figures
Blossom Gardens,Gardens
Bloxhome Drive,Historical Figures
Bluewhale Avenue,Aquatic Creatures
Bo Seng Avenue,Malay Heritage
Bodmin Drive,Historical Figures
Bonham Street,Colonial Figures
Boon  Tiong Road,Chinatown Streets
Boon Keng Road,Kampong Name
Boon Lay Avenue,Avenue
Boon Lay Drive,Road Names
Boon Lay Gardens,Botanical Residential
Boon Lay Way,Malayan Names
Boon Leat Terrace,Early Singapore History
Boon Tat Link,Historical Figures
Boon Tat Street,Food Markets
Boon Teck Road,Heritage
Boon Tiong Road,Road
Borthwick Drive,Historic Figures
Boscombe Road,Tropical Botanical
Botak Hill Road,Historical Figure
Botanic Gardens,Botanical Landmark
Boulevard 88,Luxury Living
Boundary Close,Historical Landmark
Boundary Road,Historical Landmark
Bournemouth Road,Road Names: Places
Bowmont Gardens,Tropical Plantation
Braddell Hill,Hill Names
Braddell Rise,Hill Names
Braddell Road,Historic Pioneers
Braemar Drive,Historic British
Brani Avenue,Aviation
Brani Drive 7,Military Figure
Brani Drive 8,Industrial Hub
Brani Drive 9,Military Heroes
Brani Way,Maritime Transport
Branksome Road,Historical Figures
Bras Basah Road,Historical Figures
Brickland Close,Historic Material
Brickland Crescent,Archaeological Artifacts
Brickland Lane,Historical Trades
Brickland Road,Historical Landmarks
Bridport Avenue,Avenue Names
Bright Hill,Hill
Bright Hill Crescent,Hillside Residential
Bright Hill Drive,Hill Names
Bright Hill Road,Historical Figures
Brighton Avenue,British Connection
Brighton Crescent,Seaside Resorts
Bristol Road,British
Broadrick Close,Historic Figures
Broadrick Road,Historical Figures
Brockhampton Drive,British Literature
Brompton Road,British Architecture
Brooke Road,Historical Figures
Brookvale Drive,Historical Figures
Brookvale Walk,Nature Trail
Buangkok Crescent,Geometric Shapes
Buangkok Drive,Industrial Area
Buangkok East Drive,Residential Development
Buangkok Link,Transportation Hub
Buangkok Square,Urban Plaza
Buckley Classique Drop-Off Road,Art Deco
Buckley Road,Historical Figure
Buffalo Road,Buffalo-related
Bugis Street,Historical Market
Bukit Arang Road,Rural Geology
Bukit Batok Avenue 1,Hillock Road
Bukit Batok Central,Nature Names
Bukit Batok Central Link,NatureAndScenery
Bukit Batok Crescent,Historical Figure
Bukit Batok East Avenue 2,Avenue
Bukit Batok East Avenue 3,Avenue
Bukit Batok East Avenue 4,Avenue Names
Bukit Batok East Avenue 5,Urban Infrastructure
Bukit Batok East Avenue 6,Avenue
Bukit Batok Road,Nature-Inspired
Bukit Batok Street 11,Geological Landmark
Bukit Batok Street 21,Housing Estate
Bukit Batok Street 22,Park Connector
Bukit Batok Street 23,Suburban Road
Bukit Batok Street 24,Nature
Bukit Batok Street 25,Nature
Bukit Batok Street 31,Historic Place Names
Bukit Batok Street 32,Historical Figures
Bukit Batok Street 33,Geographical Feature
Bukit Batok Street 34,Suburban Road
Bukit Batok Street 41,Singapore Streets
Bukit Batok Street 51,Rural
Bukit Batok Street 52,Bukit Batok Streets
Bukit Batok West Avenue 2,Nature inspired
Bukit Batok West Avenue 3,Geographic Features
Bukit Batok West Avenue 4,Botanical
Bukit Batok West Avenue 5,Nature Featured
Bukit Batok West Avenue 6,Avenue
Bukit Batok West Avenue 7,Urban Development
Bukit Batok West Avenue 8,Historical Figure
Bukit Batok West Avenue 9,Avenue
Bukit Chermin Road,Historical Landmarks
Bukit Drive,Hill Drive
Bukit Ho Swee Crescent,Historic Namesake
Bukit Ho Swee Link,Historical Figures
Bukit Manis Road,Fruity Hills
Bukit Merah Central,Historical Landmark
Bukit Merah Lane 1,Hillock Red
Bukit Merah Lane 2,Historical Figures
Bukit Merah Lane 3,Historical
Bukit Merah Lane 4,Historical Figure
Bukit Panjang Link,Rural Landscape
Bukit Panjang Ring Road,Rural Scenic Route
Bukit Panjang Road,Rural Legacy
Bukit Pasoh Road,Historical Landmarks
Bukit Purmei Avenue,Historical Figures
Bukit Purmei Road,Rural Heritage
Bukit Sedap Road,Fruit Themed
Bukit Teresa Close,Historical Figure
Bukit Teresa Road,Road Named After A Place
Bukit Timah Expressway,Road Infrastructure
Bukit Timah Link,Historic Place
Bukit Timah Road,Historical Figures
Bukit Tinggi Road,Hill Highways
Bukit Tunggal Road,Rural Landscape
Bukit Way,Hill Road
Bulim Avenue,Avenue
Bulim Drive,Riverfront Living
Bulim Lane 1,Historical
Bulim Lane 2,Kampong Named
Bulim Square,Geographical Landmarks
Bulim Street,Riverside Thoroughfare
Bulim Walk,Riverside Path
Buona Vista Gardens,Gardens
Burghley Drive,Royal British Names
Burgundy Crescent,French Wine
Burgundy Drive,Historical Figures
Burgundy Hill,Historical Figures
Burgundy Rise,Rise Names
Burlington Square,Architectural Names
Burmah Road,Historical Figures
Burn Road,Historical Figure
Burnfoot Terrace,Historic Names
Buroh Crescent,Rural Life
Buroh Drive,Rural
Buroh Lane,Historical Landmarks
Buroh Street,Riverfront
Bury Road,Historical Figures
Business Link,Business Hub
Business Park Drive,Corporate Infrastructure
Bussorah Street,Arab Quarter
Butterfly Avenue,Nature
Butterworth Lane,Historical Namesake
Buyong Road,Historical Figures
C'Wlth Link,Railway Stations
Cable Road,Road Infrastructure
Cactus Crescent,Cacti Lane
Cactus Drive,Plantlife
Cactus Road,Desert Plants
Cairnhill Circle,Historical Figures
Cairnhill Rise,Hills And Slopes
Cairnhill Road,Historic Namesake
Caldecott Close,British Literature
Calshot Road,Military Aviation
Camborne Road,Historical Figures
Cambridge Road,Road Named After Place
Camp Road,Military
Campbell Lane,Food And Drink
Camphor Avenue,Botanical Lane
Campus Boulevard,Educational Institutions
Canada Road,Canada-themed
Canberra Crescent,Geometric Shapes
Canberra Drive,Avenue
Canberra Lane,Historical Place
Canberra Link,Aerospace
Canberra Road,Australian Road
Canberra Street,Historical Figures
Canberra Walk,Tree-lined Path
Canberra Way,Historical Names
Canning Lane,Historic Trade
Canning Rise,Horticultural
Canning Walk,Botanical
Canninghill Square,Riverfront Retail
Canopy Walk,Nature Trails
Canterbury Road,Historical Place
Canton Street,Historical Figures
Cantonment Close,Military History
Cantonment Link,Military Heritage
Cantonment Road,Military History
Capricorn Drive,Astral
Car Park Entrance Way,Parking Facilities
Carlisle Road,European Names
Carmen Street,Famous Operas
Carmen Terrace,Hispanic Culture
Carmichael Road,Heritage Names
Carnation Drive,Flower Street
Carpenter Street,Historical Craft
Carpmael Road,Plant Names
Carrhill Road,Railway Stations
Carver Street,Historic Figures
Caseen Street,Historical Figures
Cashew Crescent,Nuts And Bolts
Cashew Heights,Rural Nuts
Cashew Link,Cashew Nuts
Cashew Road,Nut-Based Names
Cashew Terrace,Nut Based
Cashin Street,Cashin Street
Cassia Crescent,Botanical
Cassia Drive,Botanical
Cassia Link,Botanical Names
Casuarina Road,Nature-inspired
Casuarina Walk,Nature Trail
Catterick Road,Military Names
Cavan Road,British Royalty
Cavenagh Gardens,Gardens And Parks
Cavenagh Road,Historical Figures
Cecil Street,Financial District
Cedar Avenue,Nature
Cemetery Central Street 12,Historic Memorial
Cemetery Central Street 15,Historical Landmarks
Cemetery Central Street 25,Historical Landmark
Cemetery Central Street 29,Historical Landmarks
Cemetery Central Street 31,Historical
Cemetery Central Street 32,Historical Landmark
Cemetery Central Street 33,Historical Landmarks
Cemetery Central Street 34,Grave Pathway
Cemetery Central Street 8,Historical Sites
Cemetery North Street 1,Historical Landmark
Cemetery North Street 13,Historical
Cemetery North Street 15,Historical Sites
Cemetery North Street 16,Historical Landmarks
Cemetery North Street 17,Historical Landmark
Cemetery North Street 2,Historical Landmarks
Cemetery North Street 4,Historical Landmark
Cemetery North Street 4A,Historical Landmarks
Cemetery North Street 6,Historical Landmark
Cemetery South Street 1,Historical
Cemetery South Street 10,Historical Landmark
Cemetery South Street 12,Historical Graves
Cemetery South Street 12A,Historic Burial Grounds
Cemetery South Street 14,Historical
Cemetery South Street 16,Historic Burial Grounds
Cemetery South Street 17,Graveyard Roads
Cemetery South Street 18,Historical Landmarks
Cemetery South Street 25,Historical Gravesite
Cemetery South Street 3,Historic Landmark
Cemetery South Street 34,Historical
Cemetery South Street 5,Historical Significance
Cemetery South Street 7,Historical Landmarks
Cemetery South Street 9,Historical Landmarks
Centra Heights,Residential Height
Central Boulevard,Waterfront Development
Central Expressway,Expressway
Central Link,Highway Connection
Central Square,Central Business District
Centrium Square,Modern Architecture
Century Square,Retail Hub
Certis Central,Transport Hubs
Ceylon Lane,Historical Figures
Ceylon Road,Historical
Chai Chee Avenue,Road names
Chai Chee Drive,Singapore Streets
Chai Chee Gardens,Garden Estate
Chai Chee Lane,Food Market
Chai Chee Road,Kampong-inspired
Chai Chee Street,Historical Figures
Champions Way,Sports
Chancery Hill Road,Historical Figures
Chancery Hill Walk,Chancery Legal
Chancery Lane,Legal
Chander Road,Historic Figures
Chang Charn Road,Botanical Names
Changi Business Park Avenue 1,Avenue
Changi Business Park Avenue 3,Aerospace Hub
Changi Business Park Central 1,BusinessPark
Changi Business Park Central 2,Business Park
Changi Business Park Central1,Aerospace Industry
Changi Business Park Crescent,Aerospace Tech Hub
Changi Coast Road,Airport Access Roads
Changi Coast Walk,Coastal Path
Changi East Close,Airport Neighborhood
Changi Ferry Road,Naval History
Changi Heights,Airport Enclave
Changi North Crescent,Aerospace
Changi North Rise,Military Aviation
Changi North Street 1,Aviation
Changi North Street 2,Military Airbase
Changi North Way,Aerospace Hub
Changi Point Board Walk,Waterfront Walk
Changi Road,Airport Road
Changi South Avenue 1,Airport Roads
Changi South Avenue 2,Aerospace Hub
Changi South Avenue 3,Military Aviation
Changi South Avenue 4,Airport District
Changi South Lane,Aerospace Industry
Changi South Street 1,Airport-related Infrastructure
Changi South Street 2,Airport Related
Changi South Street 3,Military Heritage
Changi Village Coastal Walk,Coastal Scenic Route
Changi Village Road,Aerospace
Chantilly Rise,Rise Names
Chapel Close,Historical
Chapel Road,Historic Religious
Charlton Lane,British Colonial
Charlton Road,Railway Names
Chartwell Drive,Historical Figures
Chatsworth Avenue,Royal Residence
Chatsworth Road,Royalty
Chay Yan Street,Historical Figures
Chee Hoon Avenue,Historical Person
Chelsea Gardens,Botanical Estates
Chempaka Avenue,Flora Lane
Chempaka Kuning Link,Tropical Botany
Chencharu Close,Historical Figures
Chencharu Link,Historical Figures
Cheng Soon Crescent,Early Settler Names
Cheong Chin Nam Road,Historical Figures
Cheow Keng Road,Historical Figures
Chepstow Close,Historical British Town
Cherry Avenue,Fruit Streets
Cherry Gardens,Fruit-Based Gardens
Cherry Hill,Fruits & Plants
Chestnut Avenue,Tree-lined
Chestnut Close,Nut-related Residential
Chestnut Crescent,Nuts And Seeds
Chestnut Drive,Tree Nuts
Chestnut Gardens,Botanical
Chestnut Lane,Nut-Themed Streets
Chestnut Terrace,Tree-lined Residential
Cheviot Hill,Historical
Chia Eng Say Road,Chinese Surnames
Chia Ping Road,Historical Figures
Chiap Guan Avenue,Chinese Place Names
Chiku Road,Fruits
Chiltern Drive,Historic British
Chin Bee Avenue,Botanical
Chin Bee Crescent,Botanical
Chin Bee Drive,Road To Honey
Chin Bee Road,Historical Figures
Chin Cheng Avenue,Avenue Names
Chin Chew Street,Historical Figure
Chin Swee Road,Road Named After Person
Chin Terrace,Historic Figures
China Square,Chinatown Landmark
China Street,Historical Trade Route
Chinese Garden Road,Garden Themed
Chip Bee Gardens,Tropical Residences
Chitty Road,Historical Figures
Choa Chu Kang Avenue 1,Avenue
Choa Chu Kang Avenue 2,Avenue
Choa Chu Kang Avenue 3,Avenue
Choa Chu Kang Avenue 4,Historical Figures
Choa Chu Kang Avenue 5,Avenue
Choa Chu Kang Avenue 6,Avenue
Choa Chu Kang Avenue 7,Avenue
Choa Chu Kang Central,Geographical Landmark
Choa Chu Kang Crescent,Historical Figures
Choa Chu Kang Drive,Transportation Hub
Choa Chu Kang Link,Rural Infrastructure
Choa Chu Kang Loop,Loop
Choa Chu Kang North 5,Rural Nomenclature
Choa Chu Kang North 6,Agricultural Origins
Choa Chu Kang North 7,Rural Suburb
Choa Chu Kang Road,Historical Figures
Choa Chu Kang Street 51,Military Heroes
Choa Chu Kang Street 52,Transportation
Choa Chu Kang Street 53,Avenue
Choa Chu Kang Street 54,Residential Streets
Choa Chu Kang Street 62,Agricultural Legacy
Choa Chu Kang Street 64,Rural Village
Choa Chu Kang Terrace,Rural Residential
Choa Chu Kang Way,Agricultural Legacy
Chong Kuo Road,Ancient Dynasty
Choon Guan Street,Historical Figures
Chu Lin Road,Chinese Surname Road
Chu Yen Street,Historical Figures
Chuan Close,Nautical
Chuan Drive,Road Name
Chuan Hoe Avenue,Historical Figures
Chuan Lane,Chuan Lane
Chuan Link,Riverine
Chuan Terrace,Historical Figures
Chuan Walk,Riverine
Chulia Street,Historical Figures
Chun Tin Road,Historical Figures
Church Street,Religious Landmarks
Chwee Chian Road,Historical Figures
Circle Road,Road Name
Circuit Link,Racetrack Connection
Circuit Road,Transportation Network
Circular Road,Transportation Infrastructure
Clacton Road,Village in England
Clarence Lane,Historical Figures
Clarke Quay Central,Waterfront District
Clarke Street,Botanical Names
Classical Terrace,Historical Architecture
Claymore Drive,Historic Figures
Claymore Hill,Historic Hills
Claymore Road,Historical Figures
Cleantech Heights,Cleantech Structures
Cleantech Loop,Tech Industry
Clemenceau Avenue,Avenue Names
Clementi Avenue 1,Avenue
Clementi Avenue 2,Transportation Routes
Clementi Avenue 3,Avenue
Clementi Avenue 4,Road Number
Clementi Avenue 5,Residential Roads
Clementi Avenue 6,Avenue
Clementi Close,Residential Lane
Clementi Crescent,Geometric Shapes
Clementi Gardens,BotanicalGardens
Clementi Lane,Rural Elements
Clementi Loop,Road Name
Clementi Road,Rural Influences
Clementi Street 11,Road Network
Clementi Street 12,Historical Figures
Clementi Street 13,Historical Figures
Clementi Street 14,Riverside Living
Clementi West Street 1,Geographical Direction
Clementi West Street 2,Transportation Hub
Cliff Road,Coastal Landmarks
Clifford Square,Historical Figure
Clive Street,Historic Figures
Clover Avenue,Botanical
Clover Close,Flower Names
Clover Crescent,Botanical
Clover Rise,Flower Names
Clover Way,Botanical Lane
Club Street,Heritage Bar Streets
Cluny Hill,Nature Trail
Cluny Park Road,Tropical Garden
Cluny Park Way,Botanical
Cluny Road,Botanical Gardens
Coldstream Avenue,Historical Figures
Coleman Lane,Historical Person
Coleman Street,Historical Figures
College Link,Education
College Link Way,Education
College Road,Educational Institutions
Commerce Street,Business District
Commonwealth Avenue,Historical Figures
Commonwealth Close,Historic Events
Commonwealth Crescent,Historic Sites
Commonwealth Drive,Historical Figure
Commonwealth Heights,Historical Figures
Commonwealth Lane,Historical Figures
Commonwealth Link,Historical
Community Yoga Square,Community Wellness
Compass Heights,Geographic Features
Compassvale Crescent,Nature
Compassvale Drive,Geographic Feature
Compassvale Gardens,Gardens & Greenspaces
Compassvale Lane,Aviation
Compassvale Link,Technology And Navigation
Compassvale Road,Navigation
Compassvale Street,Compass Navigation
Compassvale Walk,Nature Scenic
Computing Drive,Tech Industry
Connaught Drive,Waterfront
Connector Lim Tuatow Road,Connector Road
Conservatory Drive,Botanical Pathway
Conway Circle,Circular Names
Cook Street,Historical Figures
Cooling Close,Temperature
Cornwall Gardens,Gardens and Greenspaces
Cornwall Road,Historic Exploration
Coronation Drive,Royal
Coronation Road,Monarchs And Crowns
Coronation Walk,Royal Procession
Corporation Drive,Corporate Naming
Corporation Rise,Corporate Landmarks
Corporation Road,Corporation Theme
Corporation Walk,Corporate Boulevard
Cosford Road,British Royal Air Force
Cotswold Close,Historical Place Names
Cottesmore Road,British Royalty
Countryside Link,Rural Connection
Countryside Road,Rural Living
Countryside Walk,Nature Trail
Court Road,Historical Figures
Cove Avenue,Waterfront
Cove Drive,Waterfront
Cove Way,Waterfront
Covered Walk Way,Covered pathways
Cowdray Avenue,Avenue
Cox Terrace,Colonial Architecture
Craig Road,Historic Figures
Cranborne Road,British Royalty
Crane Road,Aviary Lane
Cranwell Road,Aviation
Crawford Heights,Residential Height
Crawford Lane,Historical Figures
Crawford Street,Historical Figures
Create Way,Creativity Drive
Crescent Road,Racial Harmony
Crest Road,Heraldic Elements
Crichton Close,Historic Figures
Cross Street,Historical Landmarks
Croucher Road,Historical
Crowhurst Drive,British Place Names
Crystal Heights,Luxury Residential
Cuff Road,Craftsmanship Lane
Cummins Street,Industrial Namesakes
Cuppage Road,Historical Figures
Cuscaden Road,Heraldry
Cuscaden Walk,Historical Figures
Cypress Avenue,Tropical Plants
Cyprus Road,Mediterranean Plants
D'Almeida Street,Historical Figures
Da Silva Lane,Historical Person
Daffodil Drive,Flower Streets
Dafne Street,Botanical
Dahan Road,Historical Figures
Dairy Farm Crescent,Farm Life
Dairy Farm Heights,Nature And Agriculture
Dairy Farm Lane,Agro-Industrial
Dairy Farm Loop,Rural Life
Dairy Farm Road,Farm Life
Dairy Farm Walk,Rural Reference
Daisy Avenue,Floral Street
Daisy Road,Flower Streets
Dakota Crescent,Historical Figures
Dalhousie Lane,Victorian Architecture
Dalkeith Road,Royal Names
Dalvey Gate Road,Gardens And Parks
Dalvey Road,Historic Landmarks
Darat Avenue,Plantation
Darat Drive,Road
Darat Garden Road,Garden Naming
Darat Road,Tropical Plants
Davidson Road,British Names
Dawson Road,Historical Figures
De Souza Avenue,Historical Figures
De Souza Street,Historical Families
Deal Road,Road Name
Debden Road,Railway Names
Dedap Gardens,Tropical Plants
Dedap Link,Marina Bay
Dedap Road,Tropical Fruit
Defu Avenue 1,Industrial Park
Defu Avenue 2,Industrial Infrastructure
Defu Lane 1,Industrial Hub
Defu Lane 10,Industrial Estate
Defu Lane 11,Industrial
Defu Lane 12,Industrial
Defu Lane 2,Industrial Hub
Defu Lane 3,Industrial Hub
Defu Lane 4,Industrial
Defu Lane 5,Industrial Corridor
Defu Lane 6,Industrial Corridor
Defu Lane 7,Industrial Units
Defu Lane 8,Industrial
Defu Lane 9,Industrial Heritage
Defu South Street 1,Industrial Area
Defu South Street 2,Industrial Hub
Dell Lane,Technology Street
Delta Avenue,Aviation
Delta Road,Riverfront
Dempsey Hill,British Colonial
Dempsey Road,Military History
Denham Close,British Naval Officers
Denham Road,Naming Rights
Depot Close,Industrial Heritage
Depot Heights,Housing Estate
Depot Lane,Historical Infrastructure
Depot Road,Historical Transport
Depot Walk,Industrial Heritage
Deptford Road,British Streets
Derbyshire Heights,Hilltop Streets
Derbyshire Road,British Counties
Desker Road,Historical Figures
Devonshire Road,European Aristocracy
Dickenson Hill Road,Hill
Dickson Road,Historic Namesake
Dido Street,Colonial Figure
Digby Road,Historical Figures
Din Pang Avenue,Chinese Place Names
Discovery Walk,Nature Trails
Dix Road,Historical Figures
Dobbie Rise,Nautical
Dorset Road,Road Name
Dover Avenue,Historical Figures
Dover Crescent,Historical Figures
Dover Drive,Historical Figures
Dover Gardens,Gardens And Parks
Dover Heights,Hilltop Residence
Dover Rise,Hill View
Dover Road,Historical Figures
Drake Avenue,Musical Legend
Draycott Drive,Expatriate Residential
Dryburgh Avenue,Historical Figure
Dublin Road,Ireland-Inspired
Duchess Avenue,Royalty
Duchess Road,Royalty
Duke'S Road,Royal
Duku Lane,Tropical Fruits
Duku Road,Tropical Fruits
Dunbar Walk,Historic Figures
Dundee Road,Historical figure
Dunearn Close,Tropical Plants
Dunearn Road,Road Named After Scottish Place
Dunkirk Avenue,World War II
Dunlop Street,Transportation
Dunman Lane,Botanical
Dunman Road,Naming after British military officers
Dunsfold Drive,Historical Figures
Durban Road,Road Names
Durham Road,British Colonial
Durian Loop,Fruit Streets
Duxford Road,Aircraft Names
Duxton Hill,Historical Landmarks
Duxton Road,Historical Figures
Dyson Road,Technology Pioneers
E-Terrace,Tech
East Bay Gardens,Gardens and Parks
East Coast Avenue,Coastal Route
East Coast Drive,Coastal Route
East Coast Park Allotment Gardens,Gardening Community
East Coast Park Service Road,Park Access
East Coast Parkway,Coastal Drive
East Coast Road,Coastal Routes
East Coast Terrace,Tropical Seaside
East Perimeter Road,Geographic Feature
East Sussex Lane,Historical Place
Eastwood Drive,Woods
Eastwood Road,Woods & Trees
Eastwood Terrace,Residential Terraces
Eastwood Walk,Residential Pathway
Eastwood Way,Modern Architecture
Eaton Walk,Modern Architecture
Eber Gardens,Botanical
Eber Road,Railway Names
Edgefield Walk,Rural Themed
Edgeway Lane,Historical Figures
Edgware Road,Historic Colonial
Edinburgh Road,Royal Names
Ee Teow Leng Road,Fruit Named Roads
Elias Road,Colonial Era Figures
Elias Terrace,Historic
Elite Park Avenue,Exclusive Residential
Elite Terrace,Elite Residential
Elizabeth Drive,Colonial Influence
Elizabeth Heights,Historic Figures
Ellington Square,Jazz Music
Elliot Road,Historical Figures
Elliot Walk,Historical Figures
Ellis Road,Historical Figures
Elm Avenue,Historical Figures
Emerald Hill,Exotic Plants
Emerald Hill Road,Historical Figures
Emerald Link,Nature
Empress Road,Historical Royalty
Energy Square,Technological Innovation
Eng Hoon Street,Historical Figures
Eng Kong Crescent,Historical Figures
Eng Kong Drive,Ancient Kings
Eng Kong Lane,Ancient Dynasty
Eng Kong Road,Historical Figures
Eng Kong Terrace,Colonial Architecture
Eng Neo Avenue,Avenue
Eng Watt Street,Peranakan Architecture
Enggor Street,Historical Figures
Engineering Drive 1,Tech Industry
Engineering Drive 2,Technology And Innovation
Engineering Drive 3,Industrial Development
Engineering Drive 4,Industrial Infrastructure
Engku Aman Road,Malay Royalty
Enterprise Road,Business Hub
Equestrian Walk,Horse-themed Path
Equity Heights,Real Estate
Ermani Street,Fictional Character
Erskine Road,Road Named After Person
Esplanade Drive,Waterfront Landmarks
Essex Road,British Royalty
Esso Choa Chu Kang Way,Fuel & Industry
Estate Office Drive,Government Facilities
Estella Gardens,Historic Figures
Ettrick Terrace,Scottish Streets
Eu Chin Street,Chinatown Streets
Eu Tong Sen Street,Historical Figures
Eunos Avenue 3,Avenue Names
Eunos Avenue 4,Industrial Hub
Eunos Avenue 5,Kampong-themed
Eunos Avenue 5A,Industrial Estate
Eunos Avenue 5B,Transportation Infrastructure
Eunos Avenue 6,Residential Estate
Eunos Avenue 7,Avenue
Eunos Avenue 7A,Road Infrastructure
Eunos Avenue 8,Avenue Names
Eunos Avenue 8A,Transportation Corridor
Eunos Crescent,Historical Figures
Eunos Link,Urban Infrastructure
Eunos Road 1,Racing Circuit
Eunos Road 2,Highway System
Eunos Road 3,Transportation
Eunos Road 4,Road Number
Eunos Road 5,Transportation Network
Eunos Road 6,Transportation
Eunos Road 7,Industrial Estate
Eunos Road 8,Industrial Infrastructure
Euphony Gardens,Botanical Haven
Evans Road,Road Named After A Person
Evelyn Road,Historical Figures
Event Square,Squares And Parks
Evergreen Avenue,Evergreen Trees
Evergreen Gardens,Botanical
Everitt Road,Historical Figures
Everton Road,Historical
Evolution Garden Walk,Botanical Path
Ewe Boon Road,Birdsong Lane
Executive Central,Business
Exeter Road,Royal British Names
Expo Drive,Expo Venue
Faber Avenue,Avenue
Faber Crescent,Botanical
Faber Drive,Historical Figure
Faber Heights,Hilltop Estates
Faber Terrace,Historic Landmarks
Faber Walk,Riverine
Faculty Avenue,Education
Fairways Drive,Golf Course Roads
Fajar Road,Plant Life
Falkland Road,British Colonization
Fan Yoong Road,Historical Figures
Far East Square,Historical District
Far Horizon Gardens,Garden View
Farleigh Avenue,Historical Figures
Farmway,Agricultural
Farrer Drive,Historical Figure
Farrer Gardens,Botanical
Farrer Park Gardens,Park Gardens
Farrer Park Road,Historical Figures
Farrer Road,Historic Figures
Farrer Square,Historical Figures
Fashion Avenue,Fashion District
Felixstowe Road,Historical British Colonial
Fernhill Close,Botanical Places
Fernhill Crescent,Nature-inspired
Fernhill Road,Plant Life
Fernvale Close,Nature
Fernvale Drive,Tropical Plant
Fernvale Gardens,Garden Pathway
Fernvale Lane,Nature
Fernvale Link,Plant Life
Fernvale Road,Tropical Plants
Fernvale Street,Floral
Fernwood Terrace,Tropical Plants
Festive Walk,Festival Promenade
Fidelio Street,Music
Field Road,Agricultural
Fifth Avenue,Avenue
Fifth Lok Yang Road,Historical Figure
Figaro Gardens,Figaro-inspired Housing
Figaro Street,Opera
Fiji Road,Island Names
Finland Gardens,European Names
Fir Avenue,Tree Lined
First Avenue,Avenue Names
First Hospital Avenue,Medical History
First Lok Yang Road,Riverine
First Street,Historical Figure
Fishery Port Road,Seafood Industry
Flag Road,Historical Figures
Flanders Square,European History
Flint Street,Industrial History
Flora Drive,Botanical Lane
Flora Road,Botanical Pathway
Floral Walk,Flower-themed Pathway
Florence Close,Floral Street
Florence Road,Floral
Florida Road,Tropical Location
Flower Road,Botanical
Foch Road,Naming After Europeans
Folkestone Road,Historical Figures
Fontana Heights,Historical Figures
Foo Kim Lin Road,Historical Figure
Ford Avenue,Historic Motor Racing
Forest Drive,Forest
Forest Hill Crescent,Tropical Greenery
Forest Walk,Nature Trail
Forfar Heights,Scottish Towns
Former Lorong Panchar,Historical Places
Former Lorong Tawas,Historical Place Names
Fort Canning Link,Historical Landmark
Fort Canning Road,Historic Site
Fort Gardens,Military History
Fort Road,Historic Landmarks
Fort Siloso Square,Military History
Fourth Avenue,Avenue
Fourth Chin Bee Road,Historical Figures
Fourth Lok Yan Road,Asian Names
Fourth Street,Historical Numbering
Fowlie Road,Botanical
Fragrant Gardens,Floral Nomenclature
Francis Thomas Drive,Historical Figures
Frankel Avenue,Frankel Family Names
Frankel Close,Residential Lane
Frankel Drive,Historical Figures
Frankel Street,Frankel Avenue
Frankel Terrace,Historical Figures
Frankel Walk,Frankel Walk
Fraser Street,Historical Figures
French Road,French Heritage
Fu Hui Link,Historical
Fudu Walk,Nature Trails
Fullerton Road,Historic Figures
Fullerton Square,Historical Landmark
Fulton Avenue,Historical Names
Fulton Road,Historical
Fusionopolis Link,Tech Hub
Fusionopolis Walk,Tech Hub
Fusionopolis Way,Technology Hub
Gali Batu Close,Historical
Galistan Avenue,Historical Figure
Gallop Gardens,Equestrian Themed
Gallop Park Road,Horse-themed Streets
Gallop Road,Thoroughbreds
Gallop Walk,Horse-related
Gambas Avenue,Food and Spices
Gambas Crescent,Seafood
Gambas Way,Seafood
Gambir Gardens,Botanical
Gambir Terrace,Tropical Plants
Gambir Walk,Plantlife
Ganges Avenue,River Street Names
Gangsa Road,Musical Instruments
Garden Farmway,Farm-to-Garden
Garden Hill,Horticultural Landmark
Garden Link,Botanical Path
Garden Service Road,Gardening Infrastructure
Garden Street,Botanical Avenue
Gardenia Road,Flower Street
Garlick Avenue,Spice And Herb
Gateway Avenue,Historical Figures
Gateway Drive,Historic Landmarks
Gelyang Bahru Terrace,Rural Residence
Gemmill Lane,Historical Figures
Genting Lane,Gaming Industry
Genting Link,Gaming Connection
Genting Road,Fruit Plantations
Gentle Drive,Scenic
Gentle Road,Historical Figures
George Street,Historical Figures
Gerald Crescent,Botanical
Gerald Drive,Historical Figure
Gerald Gardens,Botanical
Gerald Terrace,Colonial Figures
Geylang Bahru Lane,Historical Figure
Geylang Bahru Terrace,Architectural Style
Geylang East Avenue 1,Geylang Streets
Geylang East Avenue 2,Geylang Streets
Geylang East Central,Geographical Direction
Geylang Road,Historical Figures
Ghim Moh Close,Historic Figures
Ghim Moh Link,Transportation
Ghim Moh Road,Historical Figure
Gibraltar Crescent,Historical Figures
Gillman Heights,Historic Figures
Gilstead Road,Historical Figures
Gladiola Drive,Floral Street
Glasgow Road,Historical
Gloucester Road,British Colonial
Golden Drive,Golden Age
Golden Rise,Golden Age
Golden Walk,Golden Age
Goldhill Avenue,Historical Figures
Goldhill Drive,Historical Figures
Goldhill Rise,Hilltop Residential
Goldleaf Gardens,Tropical Plants
Golf Link,Golf-themed Street
Gombak Drive,Historical Figures
Gombak Gardens,Botanical
Goodman Road,Historical Figure
Goodview Gardens,Botanical
Goodwood Gardens,Botanical
Goodwood Hill,Hill Name
Gopeng Street,Historical Figures
Gordon Road,Colonial Namesake
Gosport Road,Naval History
Gpl Terrace,Architecture Firm
Grace Walk,Historical Figures
Graham White Drive,Historical Figure
Grandlink Square,Modern Architecture
Grange Heights,Estate Names
Grange Road,Raffles Estate
Gray Lane,Historical Figures
Green Gardens,Botanical
Green Lane,Botanical Pathway
Greendale Avenue,Botanical
Greendale Rise,Housing Estate
Greenfield Drive,Nature
Greenleaf Avenue,Botanical Lane
Greenleaf Drive,Botanical
Greenleaf Lane,Plant Life
Greenleaf Rise,Botanical
Greenleaf Road,Botanical Lane
Greenleaf Walk,Nature
Greenmead Avenue,Nature
Greenpark Avenue,Nature
Greenridge Crescent,Botanical Gardens
Greenview Crescent,Botanical Views
Greenwich Drive,Historical Figures
Greenwood Avenue,Tropical Flora
Greenwood Crescent,Botanical
Greenwood Lane,Nature
Greenwood Terrace,Tropical Flora
Greenwood Walk,Botanical Path
Grenade Avenue,Military Weaponry
Grove Avenue,Narrow Tree-Lined Path
Grove Crescent,Botanical
Grove Drive,Tropical Gardening
Grove Lane,Tropical Trees
Gryphon Terrace,Mythical Creatures
Guan Chuan Street,Historical Figure
Guan Soon Avenue,Historical Figures
Guards Avenue,Military
Guildford Road,British Colonial
Guillemard Close,Historical Figures
Guillemard Crescent,Artistic Movements
Guillemard Lane,Historic Figures
Guillemard Road,Historic Family Names
Gul Avenue,Road
Gul Circle,Geographical Features
Gul Crescent,Art Deco
Gul Drive,Transportation
Gul Lane,Historical lane
Gul Link,Golf Course
Gul Road,Road
Gul Street 1,Gul Streets
Gul Street 2,Historical figure
Gul Street 3,Early Settler
Gul Street 4,River
Gul Street 5,Historical Figures
Gul Way,Geographical Landmark
Gunner Lane,Military
Guoco Midtown Square,Modern Architecture
Guok Avenue,Historical Figure
Gymkhana Avenue,Sport And Recreation
Hai Sing Crescent,Botanical
Hai Sing Road,Chinese Place Names
Haig Avenue,Avenue Names
Haig Lane,British Colonial
Haig Road,Colonial Figure
Haig Walk,Military Heritage
Haigsville Drive,Historical Figures
Haji Lane,Cultural District
Halifax Road,Historical Figures
Hallpike Street,Naming Pattern
Halton Road,Railway Names
Halus Link,Historical Figures
Hamilton Road,Historical Figures
Hampshire Road,British Colonies
Hampstead Gardens,Gardens And Parks
Handy Road,Historical Figures
Happy Avenue Central,Avenue
Happy Avenue East,Tropical Paradise
Happy Avenue North,Avenue
Happy Avenue West,Road Names
Harbour Drive,Waterfront
Harbour View Gardens,Waterfront Residence
Harbourfront Avenue,Waterfront
Harbourfront Walk,Waterfront
Harding Road,Historical Figures
Harlyn Road,Historic Residence
Harper Road,Historical Figures
Harrison Road,Historical Figure
Harvey Avenue,Historical Figures
Harvey Close,Colonial Legacy
Harvey Crescent,Historic Figures
Harvey Road,Historical Figure
Hastings Road,Historic Figures
Havelock Heights,Hilltop Housing
Havelock Link,Transportation Hub
Havelock Road,Historical Figures
Havelock Square,Historical Figures
Hazel Park Terrace,Plant-Based Residential
Heliconia Walk,Tropical Flowers
Hemmant Road,Railway Station Names
Hemsley Avenue,British Colonial
Henderson Crescent,Historical Figures
Henderson Road,Road Named After a Person
Hendon Road,British Royalty
Hendry Close,Fruit Tree
Heng Mui Keng Terrace,Botanical
Hertford Road,Historical British Streets
High Street,Commercial Hub
Highgate Crescent,Historic Residence
Highgate Walk,Historical
Highland Close,Scottish Landscapes
Highland Road,Scottish-Inspired
Highland Terrace,Mountainous Theme
Highland Walk,Scenic Paths
Hill,Hill Names
Hill Street,Historical Residence
Hillcrest Road,Hill
Hillgrove Gardens,Botanical
Hillside Drive,Hill-themed
Hillside Terrace,Hillside Residential
Hillview Avenue,Hill View
Hillview Crescent,Geographical Feature
Hillview Drive,Hill View
Hillview Heights,Hill View
Hillview Link,Hill View
Hillview Rise,Hillside Viewpoint
Hillview Road,Hill View
Hillview Terrace,Tree-lined Lane
Hillview Walk,Hill View
Hillview Way,Hill View Route
Hindhede Drive,Nature Trail
Hindhede Link,Railway Names
Hindhede Road,Naming
Hindhede Walk,Nature Trail
Hindoo Road,Religious Names
Ho Ching Road,Historical Figure
Hock Swee Hill,Historic Residential
Hoe Chiang Road,Historical Streets
Hokien Street,Chinese Heritage
Holland Avenue,Avenue Names
Holland Close,Holland Streets
Holland Drive,Road Name
Holland Grove Avenue,Historical Figures
Holland Grove Drive,Dutch Colonial
Holland Grove Lane,Dutch Colonial
Holland Grove Road,Dutch Colonial
Holland Grove Terrace,Historic Dutch Influence
Holland Grove Walk,Historical Figures
Holland Heights,Dutch Colonial
Holland Hill,Hills And Heights
Holland Link,Dutch Colonial
Holland Rise,Horticultural Heights
Holland Road,Dutch Colonial
Holland Village Way,Holland-themed Streets
Holloway Lane,Historical Figures
Holt Road,Road Named After Person
Hon Sui Sen Drive,Famous Singaporean Names
Hong Heng Terrace,Historical Figures
Hong San Terrace,Historical Figure
Hong San Walk,Historical Figure
Hongkong Street,Chinatown Street
Honington Road,Royal Air Force
Hooper Road,Railway Names
Hoot Kiam Road,Bird Street
Horizon Gardens,Botanical Retreat
Horne Road,Historical Figures
Hospital Boulevard,Medical
Hospital Crescent,Medical
Hospital Drive,Medical
Hougang Avenue 1,Residential Avenue
Hougang Avenue 10,Avenue
Hougang Avenue 2,Avenue
Hougang Avenue 3,Avenue
Hougang Avenue 4,Residential Road
Hougang Avenue 5,Avenue
Hougang Avenue 6,Avenue
Hougang Avenue 7,Avenue Numbered
Hougang Avenue 8,Industrial Park
Hougang Avenue 9,Suburban Residential
Hougang Central,Central Place
Hougang Close,Residential Close
Hougang Heights,Residential Estate
Hougang Street 11,Housing Estate
Hougang Street 12,Residential Streets
Hougang Street 13,Suburban Roads
Hougang Street 21,Suburban Residential
Hougang Street 22,Geographical Reference
Hougang Street 31,HDB Estate Streets
Hougang Street 32,Suburban Roads
Hougang Street 51,Suburban Residential
Hougang Street 52,Residential
Hougang Street 61,Urban Infrastructure
Hougang Street 91,Geographical Location
Hougang Street 92,Residential Streets
Hougang Street 93,Urban Geography
How Sun Avenue,Historical Figures
How Sun Close,Historical Figures
How Sun Drive,Solar System
How Sun Road,Sun-themed
How Sun Walk,Tropical Plants
Howard Road,Historical Figures
Hoy Fatt Road,Historical Namesake
Hpl Canopy Link,Green Infrastructure
Hsbc Treetop Walk,Tree Canopy Trail
Hu Ching Road,Historical Figure
Hua Guan Avenue,Historical Figures
Hua Guan Crescent,Asian Culture
Hua Guan Gardens,Chinese Names
Hua Mei Gardens,Historical Figures
Huddington Avenue,Victorian Names
Hullet Rise,Historical Figures
Hullet Road,Historical Figures
Hume Avenue,Historical Figures
Hyderabad Road,Historical Name
Hylam Street,Historical Figures
Hythe Road,Historical
Imbiah Road,Railway-Themed
Imbiah Walk,Nature Trail
Indus Road,Indian Subcontinent
Inggu Road,Historical Figures
Innovillage Lane,Tech Innovation
Institution Hill,Educational Institutions
International Road,Global Connection
Ipoh Lane,Historical Place
Iqbal Avenue,Muslim Heritage
Irau Drive,Plantation
Ironside Link,Industrial History
Ironside Road,Industrial Legacy
Irrawaddy Road,Rivers
Irving Road,Railway-related
Irwell Bank Road,Riverbank
Irwell Hill,Hilltop Residence
Island Club Road,Tropical Wildlife
Island Gardens Walk,Gardens And Parks
Ite College Central,Educational Institutions
Ivory Heights,Luxury Residential
J-Link,Hi-tech
J-Walk,Pop Culture
Jacaranda Road,Floral Names
Jago Close,Historical Figures
Jalan Adat,Cultural Heritage
Jalan Afifi,Islamic Heritage
Jalan Ahmad Ibrahim,Islamic Figure
Jalan Ahmad Ibrahim Bridge,Historical Figure
Jalan Ampang,Malay Heritage
Jalan Ampas,Riverine
Jalan Anak Bukit,Hillside Kids' Lane
Jalan Anak Patong,Malay Heritage
Jalan Anggerek,Malay Names
Jalan Angin Laut,Maritime
Jalan Angklong,Plantation Trail
Jalan Antoi,Fruits
Jalan Arif,Arabic-Inspired
Jalan Arnap,Historical Figures
Jalan Aruan,Malay Heritage
Jalan Asas,Historical Figures
Jalan Asuhan,Religious
Jalan Atira 1,Historical Figures
Jalan Atira 2,Avenue
Jalan Atira 6,Historic Namesake
Jalan Awang,Historic Figures
Jalan Awang Interim Park,Temporary Greenery
Jalan Ayer,River
Jalan Ayer Rimba,Nature Trail
Jalan Azam,Islamic
Jalan Bahagia,Bahagia
Jalan Bahagia Community Garden,Community Gardening
Jalan Bahar,Historical Figures
Jalan Bahar 66Kv Substation,Power Infrastructure
Jalan Bahar Clay Studios,Clay Art Studios
Jalan Bahar Heavy Vehicle Park,Heavy Vehicle
Jalan Bahasa,Language And Culture
Jalan Bahtera,Maritime
Jalan Baiduri,Tropical Botanical
Jalan Bangau,Bird-Themed
Jalan Bangket,Rural Artifacts
Jalan Bangsawan,Malay Royalty
Jalan Basong,Historical Figures
Jalan Batai,Historical Figures
Jalan Batalong,Historical Figures
Jalan Batalong East,Historical Figures
Jalan Batu,Historical Figures
Jalan Batu Ferringgi,Southeast Asian History
Jalan Batu Koyok,Tropical Flora
Jalan Batu Nilam,Floral Path
Jalan Batu Park,Parkway
Jalan Batu Ubin,Island Living
Jalan Belang,Tropical Flowers
Jalan Belangkas,Marine Life
Jalan Belibas,Rural Life
Jalan Bena,Historical
Jalan Benaan Kapal,Historical figure
Jalan Bendahara,Historical Figures
Jalan Beringin,Tropical Trees
Jalan Berjaya,SUCCESS STREET
Jalan Berseh,Historical Figures
Jalan Besar,Historical Figures
Jalan Besar Community Club,Sports & Recreation
Jalan Besar Stadium,Sports Facility
Jalan Besut,Malay Villages
Jalan Bilal,Islamic Heritage
Jalan Binchang,Historical Figures
Jalan Bingka,Baked Goods Street
Jalan Binjai,Tropical Plant
Jalan Bintang Tiga,Tropical Stars
Jalan Boon Lay,Food Street
Jalan Bukit Ho Swee,Historical Figures
Jalan Bukit Merah,Historical Landmark
Jalan Buloh Perindu,Rural Allusions
Jalan Bumbong,Traditional Structures
Jalan Bundusan,Tropical Botany
Jalan Bunga Rampai,Tropical Blooms
Jalan Buroh,Rural Heritage
Jalan Chan Chin Mooi,Chinese Names
Jalan Chegar,Plantation
Jalan Chelagi,Malay Heritage
Jalan Chempah,Historic Figures
Jalan Chempaka Kuning,Botanical
Jalan Chempaka Puteh,Floral and Botanical
Jalan Chempedak,Tropical Fruits
Jalan Chengam,Folk Villages
Jalan Chengkek,Historical Figures
Jalan Chermai,Orchid-related
Jalan Chermat,Raffles Park Roads
Jalan Cherpen,Fruit Trees
Jalan Chorak,Historical
Jalan Chulek,Southeast Asian Streets
Jalan Daliah,Historical Figures
Jalan Damai,Peaceful Path
Jalan Darat Nanas,Tropical Fruits
Jalan Datoh,Plant Name
Jalan Daud,Islamic
Jalan Daud Interim Park,Temporary Green Space
Jalan Daud Park,Parkland Avenue
Jalan Demak,Islamic
Jalan Dermawan,Islamic
Jalan Derum,Floral Theme
Jalan Diana 1,Historical Figures
Jalan Dinding,Historical Figures
Jalan Dondang Sayang,Romantic Malay
Jalan Dua,Numbered Streets
Jalan Durian,Fruits
Jalan Dusun,Tropical Garden
Jalan Dusun Hdb,Housing Development Board
Jalan Elok,Tropical Flora
Jalan Emas Urai,Precious Metal
Jalan Empat,"Four Streets"
Jalan Enam,Narrow Streets
Jalan Endut Senin,Malay Day Names
Jalan Enggang,Jalan Enggang
Jalan Eunos,Malay Heritage
Jalan Eunos Interim Park,Park
Jalan Gaharu,Tropical Timber
Jalan Gajus,Historical Figures
Jalan Gali Batu,Historical Figure
Jalan Gapis,Food Streets
Jalan Gelam,Historical Figures
Jalan Gelatek,Historical Figures
Jalan Gelegar,Historical Figures
Jalan Gelenggang,Tropical Plants
Jalan Gemala 2,Jalan: Malay Streets
Jalan Gemala 3,Islamic Themed Street
Jalan Gembira,Jalan Gembira
Jalan Gendang,Music
Jalan Geneng,Jalan Geneng
Jalan Girang,Girang Street
Jalan Gotong Royong,Cooperative Work
Jalan Greja,Religious Landmarks
Jalan Grisek,Ethnic Malay
Jalan Gumilang,Indonesian Culture
Jalan Haji Alias,Islamic Names
Jalan Haji Salam,Islamic Names
Jalan Hajijah,Islamic Names
Jalan Hang Jebat,Malay Pioneers
Jalan Hari Raya,Festive Occasion
Jalan Harom Setangkai,Fruits
Jalan Harum,Flora And Fauna
Jalan Hiboran,Tropical Blooms
Jalan Hikayat,Folklore Stories
Jalan Hitam Manis,Food
Jalan Hock Chye,Heritage
Jalan Hussein,Muslim Heritage
Jalan Hwi Yoh,Historical Figures
Jalan Ibadat,Islamic Streets
Jalan Ikan Merah,Seafood
Jalan Ilmu,Education
Jalan Inggu,Indigenous Trees
Jalan Insaf,Islamic
Jalan Intan,Floral
Jalan Ishak,Islamic
Jalan Ismail,Ismail Street
Jalan Ismail Park,Parkway
Jalan Isnin,Muslim Heritage
Jalan Istimewa,Malay Heritage
Jalan Jamal,Islamic Heritage
Jalan Jambatan Lama,Historical Structures
Jalan Jambu Ayer,Tropical Fruits
Jalan Jambu Batu,Tropical Fruits
Jalan Jambu Mawar,Floral Street
Jalan Janggus,Tropical Fruit
Jalan Jarak,Plant-Based
Jalan Jelita,Jalan Jelita
Jalan Jelutong,Tropical Fruits
Jalan Jendela,Historical Figures
Jalan Jentera,Industrial Equipment
Jalan Jermin,Historical Figures
Jalan Jeruju,Botanical
Jalan Jintan,Fruits and Plants
Jalan Jitong,Chinese Historical
Jalan Joran,Historical Figures
Jalan Jurong Kechil,Rural Landscape
Jalan Kakatua,Exotic Birds
Jalan Kampong Chantek,Rural Reference
Jalan Kampong Siglap,Historical
Jalan Kampung Siglap,Rural Village Lane
Jalan Kandis,Historical Figures
Jalan Kapal,Watercraft
Jalan Karyna 2,Feminine Names
Jalan Kasau,Plantation
Jalan Kathi,Riverside Lanes
Jalan Kayu,Tropical Trees
Jalan Kayu Flyover,Flyover Street
Jalan Kayu Interim Park,Nature Park
Jalan Kayu Manis,Fruits And Nuts
Jalan Kebaya,Tropical Plants
Jalan Kechot,Historical
Jalan Kechubong,Cultural Heritage
Jalan Kedidi,Birds
Jalan Kelabu Asap,Jalan Names
Jalan Kelawar,Animals
Jalan Kelempong,Tropical Fruit
Jalan Keli,Farm-to-Street
Jalan Kelichap,Southeast Asian Names
Jalan Kelulut,Insect-themed Street
Jalan Kemajuan,Historical Figures
Jalan Kemaman,Farming
Jalan Kembang Melati,Floral Street
Jalan Kembangan,Kembang Street Flowers
Jalan Kemboja,Floral
Jalan Kemuning,Tropical Plants
Jalan Kemuning Park,Nature
Jalan Kenarah,Historical figures
Jalan Kerayong,Tropical Fruits
Jalan Keria,Fruits
Jalan Kerinchi Kiri 2,Riverine
Jalan Keris,Weapon
Jalan Keruing,Tropical Timber
Jalan Kesoma,Fruit Trees
Jalan Ketumbit,Fruit Tree Street
Jalan Khairuddin,Islamic Names
Jalan Khairudiin,Islamic
Jalan Khamis,Islamic Streets
Jalan Kilang,Industrial
Jalan Kilang Barat,Industrial Heritage
Jalan Kilang Timor,Historical Figure
Jalan Klapa,Historical Namesake
Jalan Kledek,Spice Trade Route
Jalan Klinik,Medical Facilities
Jalan Kolam Ayer,Aquatic Street
Jalan Korban,Historical Figures
Jalan Krian,Asian Streets
Jalan Kuak,Historical Figures
Jalan Kuala,Malay Heritage
Jalan Kuang,Kuo Chinese Streets
Jalan Kuantan,Historical Place
Jalan Kubor,Grave Yard Lane
Jalan Kukoh,Traditional Names
Jalan Kuning,Tropical Colors
Jalan Kupang,Island Names
Jalan Kuras,Jalan
Jalan Kurnia,Historical Royalty
Jalan Kwok Min,Historical Figures
Jalan Labu Ayer,Ancient Trade Routes
Jalan Labu Manis,Fruit Trees
Jalan Labu Merah,Southern Fruits
Jalan Lada Puteh,Spice Trade
Jalan Lakum,Tropical Plants
Jalan Lam Huat,Heritage
Jalan Lam Sam,Historical Figures
Jalan Lana,Malay-Inspired
Jalan Lang Perut Putih 6,Historical Figure
Jalan Langgar Bedok,Farming Street
Jalan Lanjut,Historical Figures
Jalan Lapang,Historic
Jalan Lateh,Fruit Trees
Jalan Laut,Waterfront Avenue
Jalan Layang Layang,Aerospace Avenue
Jalan Leban,Arabian
Jalan Lebat Daun,Plant Street
Jalan Legundi,Floral Street
Jalan Lekar,Food
Jalan Lekub,Folk Culture
Jalan Lembah Kallang,Riverine
Jalan Lembah Thomson,Rural Reference
Jalan Lempeng,Historical Figures
Jalan Lengkok Sembawang,Historical Figures
Jalan Lepas,"Escape Path
Jalan Lim Tai See,Historical Figures
Jalan Lima,Malay Numbers
Jalan Limau Bali,Tropical Fruits
Jalan Limau Kasturi,Fruits And Vegetables
Jalan Limau Manis,Fruit Streets
Jalan Limau Nipis,Tropical Fruits
Jalan Limau Purut,Tropical Fruits
Jalan Limbok,Tropical Flora
Jalan Lokam,Historical Figures
Jalan Loyang Besar,Singapore
Jalan Lye Kwee,Historical Figures
Jalan Ma'Mor,Malay Architecture
Jalan Machang,Agricultural
Jalan Malu Malu,Malay Folktale
Jalan Malu-Malu,Mythical Creatures
Jalan Malva,Tropical Flowers
Jalan Mamam,"Matriarchal Honor"
Jalan Manis,Sweets
Jalan Mariam,Islamic Heritage
Jalan Mas Kuning,Fruit Streets
Jalan Mas Puteh,Historical Figures
Jalan Mashhor,Islamic Heritage
Jalan Masjid,Islamic Architecture
Jalan Mastuli,Historical Figures
Jalan Mat Jambol,Folk Hero
Jalan Mata Ayer,Historical Figures
Jalan Mawar,Tropical Blooms
Jalan Mayaanam,Tamil Heritage
Jalan Melati,Tropical Flowers
Jalan Melor,Floral
Jalan Membina,Craftsmanship Way
Jalan Mempurong,Rural-Inspired
Jalan Menarong,Historical Figures
Jalan Mendaki,Mountain Path
Jalan Mengkudu,Tropical Trees
Jalan Mentakab,Historical
Jalan Merah Saga,Historical Figures
Jalan Merbok,Riverine Street
Jalan Merdu,Tropical Flowers
Jalan Merlimau,Riverside Lane
Jalan Mesin,Industrial
Jalan Mesra,Malay Heritage
Jalan Minggu,Islamic
Jalan Minyak,Oil-Themed
Jalan Molek,Malay Animal
Jalan Muhibbah,Malay Heritage
Jalan Mulia,Noble Street
Jalan Murai,Birds
Jalan Mutiara,Jewel Street
Jalan Myra,Historical Figures
Jalan Naga Sari,Mythical Creatures
Jalan Naung,Malay Heritage
Jalan Nipah,Tropical Fruits
Jalan Nira,Historical Figures
Jalan Noordin,Islamic
Jalan Novena,Historical Figures
Jalan Novena Barat,Historical Figures
Jalan Novena Selatan,Singapore Roads
Jalan Novena Timor,Historical Figures
Jalan Novena Utara,Historical Figures
Jalan Nuri,Bird Street
Jalan Pacheli,Malay Heritage
Jalan Pahang,Malay Royalty
Jalan Pahang Kecil,Rural Malaysia
Jalan Pak Wong,Heritage
Jalan Pakis,Botanical
Jalan Pandan,Tropical Fruits
Jalan Papan,Tropical Craftsmanship
Jalan Paras,Rafflesia Street
Jalan Pari Burong,Bird Street
Jalan Pari Burong Park,Nature
Jalan Pari Dedap,Riverside Lanes
Jalan Pari Dedap Park,Parks And Recreation
Jalan Pari Kikis,Folk Art Street
Jalan Pari Unak,Avian-Inspired Streets
Jalan Pasir Merah,Rural Heritage
Jalan Pasir Putih  Machang  Jeli,Historical Figures
Jalan Pasir Ria,Rustic Riverway
Jalan Pasiran,Rural Reference
Jalan Payoh Lai,Historical Figures
Jalan Pekan Ubin,Island Life
Jalan Pelajau,Tropical Wildlife
Jalan Pelangi,Rainbow Avenue
Jalan Pelatina,Sea Creatures
Jalan Pelatok,Rural Reference
Jalan Pelepah,Tropical Plants
Jalan Pelikat,Historical Figures
Jalan Pelikat Park Connector,Park Connectors
Jalan Pemimpin,Historical Figures
Jalan Penjara,Historical Figures
Jalan Peradun,Historical Figures
Jalan Perahu,River Vessels
Jalan Pergam,Historical Figures
Jalan Permaisuri,Royalty
Jalan Pernama,Tropical Flora
Jalan Pesawat,Airport Road
Jalan Pinang,Tropical Fruit
Jalan Pintau,Botanical
Jalan Pintau Neighbourhood Park,Park
Jalan Piring,Kitchen Utensils
Jalan Pisang,Fruit Streets
Jalan Pokok Serunai,Tropical Flora
Jalan Puay Poon,Fruits
Jalan Punai,Tropical Plants
Jalan Puteh Jerneh,"Heritage Namesake"
Jalan Puteri Jula Juli,Ethnic Neighborhood
Jalan Putra Square 5,Historical Figures
Jalan Puyoh,Fruits
Jalan Rabu,Museum Street
Jalan Rahmat,Islamic
Jalan Raja Udang,Seafood Street
Jalan Rajah,Royalty
Jalan Rajawali,Bird Avenue
Jalan Rakit,Rural Craftsmanship
Jalan Rama Rama,Indian Mythology
Jalan Rasok,Rural Names
Jalan Rasok Park,Historical Figures
Jalan Rawa,Rawa
Jalan Raya,Raya Streets
Jalan Rebana,Fashion Accessory Street
Jalan Redop,Fruit Names
Jalan Remaja,Youth
Jalan Remaja Interim Park,Youth & Nature
Jalan Remis,Historical
Jalan Rendang,Malay Dishes
Jalan Rengas,Tropical Trees
Jalan Rengkam,Botanical
Jalan Resak,Malay Origin
Jalan Ria,Tropical Fruit
Jalan Riang,Historical
Jalan Riang Park,Parkway
Jalan Rimau,Animal Street
Jalan Rindu,Nostalgia Lane
Jalan Rukam,"Malay Heritage"
Jalan Rumah Tinggi,Historical
Jalan Rumbia,Tropical Fruit
Jalan Rumia,Malay Islands
Jalan Sahabat,Muslim Heritage
Jalan Sajak,Cultural Heritage
Jalan Salabin,Malay Heritage
Jalan Salang,Fowl-related Streets
Jalan Sam Heng,Historic Namesake
Jalan Sam Kongsi,Historical Figures
Jalan Samarinda,Tropical Plants
Jalan Sampurna,"Religious"
Jalan Samulun,Malay Heritage
Jalan Sankam,Historical Figures
Jalan Sappan,Tropical Plants
Jalan Sara 2,Tropical Flowers
Jalan Satu,Number Streets
Jalan Saudara Ku,Neighborhood Namesake
Jalan Sayang,Romantic Expressions
Jalan Seaview,Coastal Vista
Jalan Sedap,Food
Jalan Segam,Historical Figures
Jalan Seh Chuan,Historical Figures
Jalan Sejarah,Fictional Character Street
Jalan Selamat,Historical Figures
Jalan Selanting,Floral Street
Jalan Selaseh,Historical Figures
Jalan Selaseh Park,Historical Landmark
Jalan Selendang Delima,Malay Floral
Jalan Selimang,Fruits and Nuts
Jalan Sembilang,Historical Figures
Jalan Sembilang Park,Parkway
Jalan Semchek,Military Figures
Jalan Semerbak,Naming Style: Historical Figures
Jalan Sempadan,Border Street
Jalan Senandong,Historical Figures
Jalan Senang,Tropical Plants
Jalan Senang Park,Park-Themed
Jalan Sendudok,Historical Figures
Jalan Sendudok Park,Nature
Jalan Seni,Artistic Avenue
Jalan Sentosa,Tropical Paradise
Jalan Senyum,Jalan Senyum - Smiles
Jalan Sephia 2,Historic
Jalan Serene,Historic Residential
Jalan Serengam,Historical Figures
Jalan Seruling,Flute Avenue
Jalan Setia,Religious
Jalan Shaer,Arabic Names
Jalan Siantan,Malay Heritage
Jalan Siap,Historical Figures
Jalan Sikudangan,Sultanate Remnants
Jalan Simpang Bedok,Bedok Area Streets
Jalan Sinar Bintang,Astronomical
Jalan Sinar Bulan,Astronomical
Jalan Sindor,Moorish Architecture
Jalan Singa,Mythical Creatures
Jalan Singa Park,Mythical Creatures
Jalan Smk Limau-Limauan,Historical Figures
Jalan Songket,Textiles
Jalan Soo Bee,Historical Figures
Jalan Sotong,Seafood
Jalan Stadium,Sport
Jalan Suasa,Historical Figures
Jalan Suka,Cultural
Jalan Sukachita,Historical Figures
Jalan Sultan,Royalty
Jalan Sungai Emas,Historical Jewel
Jalan Sungei Belang,Riverside Lane
Jalan Sungei Poyan,RIVER STREET
Jalan Taman,Tropical Gardens
Jalan Tamban,Singapore Streets
Jalan Tambur,Musical Instruments
Jalan Tampang,Historical Person
Jalan Tan Tock Seng,Historical Figure
Jalan Tanah Puteh,Historical Figures
Jalan Tanah Rata,Rural Reference
Jalan Tani,Agricultural Path
Jalan Tanjong,Malay Heritage
Jalan Tapisan,Historical Trade
Jalan Tari Dulang,Dance Folklore
Jalan Tari Lilin,Dance Street
Jalan Tari Payong,Folk Dance Lane
Jalan Tari Piring,Dance And Performance
Jalan Tari Serimpi,Folk Dance Path
Jalan Tari Zapin,Dance Street
Jalan Tarum,Malay Heritage
Jalan Teck Kee,Historical Figures
Jalan Teck Whye,Historical Figures
Jalan Tekad,Historical
Jalan Tekukor,Railway-Themed
Jalan Telang,Bird-related
Jalan Telipok,Rural Origin
Jalan Teliti,Historical Figures
Jalan Tembusu,Tropical Plants
Jalan Tempua,Tropical Flowers
Jalan Tenaga,Energy
Jalan Tenang,Road to Peace
Jalan Tenggiri,Marine Life
Jalan Tenon,Historical Figures
Jalan Tenteram,Historic Places
Jalan Tepong,Fruit Trees
Jalan Terang Bulan,Lunar Festival Street
Jalan Terubok,Rural Inspired
Jalan Terusan,Historical Figures
Jalan Tiga,Riverside Names
Jalan Tiga Ratus,Historical Figures
Jalan Tiong,Chinese Heritage
Jalan Titiwangsa,Historical Figures
Jalan Titiwangsa 10,Historical Figures
Jalan Toa Payoh,Historical Figures
Jalan Todak,Fishing and Aquaculture
Jalan Tua Kong,Old Place
Jalan Tukang,Craftsmen Lane
Jalan Tumpu,Historic Sites
Jalan Tun Hussien Onn,Islamic Figure
Jalan Tupai,Animal Street
Jalan Turi,Birds
Jalan Ubi,Fruits & Vegetables
Jalan Ubin,Island Life
Jalan Uji,Historical Figures
Jalan Ulu Seletar,Rural Heritage
Jalan Ulu Sembawang,Rural Landmarks
Jalan Ulu Siglap,Tropical Nature
Jalan Unggas,Historical Malay
Jalan Unum,Historical Figures
Jalan Usaha,Business & Industry
Jalan Wajek,Ancient Weaponry
Jalan Wak Selat,Historical Figures
Jalan Wakaff,Food
Jalan Wangi,Floral Street
Jalan Waringin,Tropical Plants
Jalan Wat Siam,Religious Names
Jalan Yasin,Islamic/Muslim
Jalan Zamrud,Islamic
Jamaica Road,Caribbean Influence
Jambol Walk,Fruit Tree Lane
Janggus Gardens,Gardens
Jansen Close,Arts and Culture
Jansen Road,Historical Figures
Japanese Garden Road,Japanese Culture
Jasmine Road,Flower Named
Java Road,Technology Names
Jedburgh Gardens,Gardens
Jelapang Road,Fruits And Plants
Jelebu Road,Rural Origins
Jellicoe Road,Historical Figures
Jervios Road,Historical Figures
Jervois Close,Historical Figures
Jervois Hill,Hill Names
Jervois Lane,Historical Figures
Jervois Road,Historical Figures
Jiak Chuan Road,Historical Figures
Jiak Kim Street,Food And Drink
Joan Road,Feminine Names
John Road,Historical Figures
Joo Avenue,Historical Figures
Joo Chiat Avenue,Peranakan Architecture
Joo Chiat Lane,Peranakan Heritage
Joo Chiat Road,Peranakan Architecture
Joo Chiat Terrace,Peranakan Architecture
Joo Chiat Walk,Historic Residential
Joo Hong Road,Historical
Joo Koon Circle,Industrial Park
Joo Koon Crescent,Industrial Estate
Joo Koon Road,Industrial
Joo Koon Way,Military Aviation
Joo Seng Heights,Historical Figures
Joo Seng Road,Orchard Expressway
Joo Yee Road,Historical Figure
Joon Hiang Road,Historic Figures
Jubilee Road,Historical Namesake
Jubilee Square,Historical Event
Juniper Hill,Botanical
Jupiter Road,Solar System Streets
Jurong Canal Drive,Waterway
Jurong Central,Industrial Hub
Jurong East Avenue 1,Industrial Hub
Jurong East Central,Industrial Hub
Jurong East Central 1,Industrial Hub
Jurong East Street 11,Industrial Park
Jurong East Street 12,Industrial Park
Jurong East Street 13,Industrial Park
Jurong East Street 21,Urban Planning
Jurong East Street 24,Industrial Hub
Jurong East Street 31,Urban Planning
Jurong East Street 32,Industrial Park
Jurong Gateway Road,Tech Industry
Jurong Hill,Hill Geography
Jurong Lake Gardens,Nature
Jurong Lake Link,Lake Connections
Jurong Pier Road,Waterfront Access
Jurong Pier Way,Waterfront Access
Jurong Port Road,Maritime Industry
Jurong Road,Industrial Hub
Jurong Town Hall Road,Historical Figures
Jurong West Avenue 1,Industrial Hub
Jurong West Avenue 2,Avenue Names
Jurong West Avenue 3,Avenue
Jurong West Avenue 4,Avenue
Jurong West Avenue 5,Industrial Estate
Jurong West Central 1,Industrial Park
Jurong West Central 2,Industrial Park
Jurong West Central 3,Industrial Estate
Jurong West Street 22,Industrial Hub
Jurong West Street 23,Industrial Estate
Jurong West Street 24,Industrial Park
Jurong West Street 25,Industrial Park
Jurong West Street 26,Industrial Park
Jurong West Street 41,Industrial Estate
Jurong West Street 42,Industrial Hub
Jurong West Street 51,Industrial Hub
Jurong West Street 52,Industrial Hub
Jurong West Street 61,Geographic Landmark
Jurong West Street 62,Industrial Park
Jurong West Street 63,Geographic
Jurong West Street 64,Industrial Estate
Jurong West Street 65,West
Jurong West Street 71,Industrial Hub
Jurong West Street 72,Industrial Park
Jurong West Street 73,Industrial Estate
Jurong West Street 74,Industrial Hub
Jurong West Street 75,Industrial Estate
Jurong West Street 76,Industrial Park
Jurong West Street 81,Industrial Park
Jurong West Street 82,Industrial Hub
Jurong West Street 91,Industrial Park
Jurong West Street 92,Technological Hub
Jurong West Street 93,Industrial Hub
Kadayanallur Street,Indian Heritage
Kaki Bukit Avenue 1,Industrial Park
Kaki Bukit Avenue 2,Avenue Name
Kaki Bukit Avenue 3,Industrial Park
Kaki Bukit Avenue 4,Industrial Estate
Kaki Bukit Avenue 5,Industrial Estate
Kaki Bukit Avenue 6,Industrial Estate
Kaki Bukit Crescent,Rural Landscape
Kaki Bukit Industrial Terrace,Industrial Estate
Kaki Bukit Road 1,Industrial Estate
Kaki Bukit Road 2,Industrial Park
Kaki Bukit Road 3,Industrial
Kaki Bukit Road 4,Industrial Park
Kaki Bukit Road 5,Industrial Estate
Kaki Bukit Road 6,Industrial Estate
Kalidasa Avenue,Mythological Figures
Kallang Airport Drive,Aerospace Road
Kallang Airport Way,Airport Access
Kallang Avenue,Sports Venues
Kallang Heights,Urban Geography
Kallang Paya Lebar Expressway,Highway Connection
Kallang Pudding Road,Riverside Cuisine
Kallang Road,Sports And Leisure
Kallang Walk,Waterfront
Kallang Way,Sports Hub
Kallang Way 1,Sport Venues
Kallang Way 2,Historical Figure
Kallang Way 2A,Sports Venues
Kallang Way 3,Industrial Corridor
Kallang Way 4,Sports Venues
Kallang Way 5,Sports
Kallang-Paya Lebar Expressway,Expressway
Kampong Arang Road,Historical Village
Kampong Bahru Road,Heritage Route
Kampong Berih Road,Malay Village
Kampong Java Road,Historic Village
Kampong Kapor Road,Heritage
Kampong Kayu Road,Rural Heritage
Kampong Lorong Buangkok,Village Lane
Kandahar Street,Historical Figures
Kandis Gardens,Garden Suburb
Kandis Lane,Historical Figures
Kandis Link,Tropical Flora
Kandis Walk,Tropical Flora
Kang Ching Road,Historical Figures
Kang Choo Bin Road,Historical Person
Kang Choo Bin Walk,Botanical Pathway
Kanisha Marican Road,Feminist Pioneers
Karikal Lane,Southeast Asian Colonial
Kasai Road,River Names
Katmandu Road,Mountain Roads
Katong Square,Historic Marketplace
Kay Poh Road,Fruit Streets
Kay Siang Road,Historical Figures
Keat Hong Close,Residential Close
Keat Hong Link,Food Industry
Kebun Baru Heights,Nature
Kebun Baru Link,Tropical Gardening
Kechubong Terrace,Floral Names
Kee Choe Avenue,Historical Figures
Kee Seng Street,Kee Clan Street
Kee Sun Avenue,Kee Sun Memorial
Keene Road,Transportation Routes
Kelantan Lane,Sultanate Names
Kelantan Road,Road Named After State
Keliville Private Access Road,Private Residential
Kellock Road,Historic Colonial
Kelopak Road,Flora
Kelulut Hill,Tropical Insects
Kembangan Gardens,Botanical Retreat
Kempas Road,Tropical Plants
Kenanga Avenue,Bird And Flower
Keng Cheow Street,Historical Figures
Keng Chin Road,Kampong Naming
Keng Kiat Street,Heritage Namesake
Keng Lee Road,Historical Figures
Kenler Road,Railway Theme
Kensington Park Drive,Park Drive
Kensington Park Road,British Royalty Parks
Kensington Square,Regency Influence
Kent Heights,Residential Hills
Kent Ridge Crescent,Historical Figures
Kent Ridge Drive,Historical Figure
Kent Ridge Road,Historical Figures
Kent Road,Historical Figures
Kenya Crescent,Africa
Kenya Crescent Road,Africa
Keong Saik Road,Historical
Keppel Bay Drive,Waterfront Views
Keppel Drive 5,Road Infrastructure
Keppel Drive 6,Marina Bay
Keppel Hill,Hill Views
Keppel Road,Historic Naval
Keppel South Central,Waterfront Development
Keramat Road,Islamic Heritage
Kerbau Road,Aqua Fauna
Keris Drive,Historical Blade
Kerong Lane,Rural
Kerong Walk,Nature Trail
Kew Avenue,Botanical
Kew Crescent,Botanical
Kew Drive,Kew Gardens Reference
Kew Heights,Ridgetop Housing
Kew Lane,Botanical
Kew Terrace,Botanical
Kew Walk,Tropical Garden
Khatib Central,Central Hub
Khatib Gardens,Botanical
Kheam Hock Nature Way,Wildlife Conservation
Kheam Hock Road,Historical Figures
Khiang Guan Avenue,Avenue Name
Kian Teck Avenue,Historical Figures
Kian Teck Crescent,Crescent-Shaped Streets
Kian Teck Drive,Historical Figures
Kian Teck Lane,Historical Figure
Kian Teck Road,Historical Figure
Kian Teck Way,Historical Figures
Killiney Road,Historical Figures
Kim Cheng Street,Singapore River
Kim Chuan Drive,Geylang-inspired
Kim Chuan Lane,Waterway
Kim Chuan Road,River Names
Kim Chuan Terrace,Historical Figures
Kim Keat Avenue,Historical Figures
Kim Keat Close,Fruits
Kim Keat Gardens,Botanical
Kim Keat Heights,Korean-Inspired Names
Kim Keat Lane,Historical Figures
Kim Keat Link,Historical Figures
Kim Keat Road,Fruits And Nuts
Kim Pong Road,Famous Personalities
Kim Seng Road,Riverfront
Kim Seng Walk,Riverine
Kim Tian Road,Kelongs
Kim Yam Road,Food & Beverage
King George'S Avenue,Monarchy
King George'S Heights,Monarchical Names
King'S Avenue,Royalty
King'S Close,Royal Residence
King'S Drive,Royal
King'S Road,Royal
King'S Walk,Royalty
Kingsford Terrace,Historic Royalty
Kingsmead Road,Royal
Kingston Terrace,Historical Figures
Kingswear Avenue,Royal Names
Kinloss At Lady Hill Road,Historic Military
Kinta Road,Malay Namesakes
Kirk Terrace,Historic Figures
Kismis Avenue,Fruits and Nuts
Kitchener Link,Military Heritage
Kitchener Road,Historical Figure
Klang Lane,Historical
Koek Road,Bakery Themed
Koh Sek Lim Road,Historical Figures
Koon Seng Road,Art Deco
Kopitiam Square,Food And Beverage
Kovan Close,Residential Close
Kovan Rise,Hill Names
Kovan Road,Kovan Road
Kramat Lane,Religious Sites
Kramat Road,Islamic Streets
Kranji Close,Military Aviation
Kranji Crescent,Agricultural
Kranji Expressway,Highway
Kranji Link,Rural Connections
Kranji Loop,Aviation
Kranji Road,Rural Routes
Kranji Way,Rural Access
Kreta Ayer Heights,Singapore Streets
Kreta Ayer Road,Chinatown Streets
Kreta Ayer Square,Historical Sites
Kreta Road,Road Name
Kung Chong Road,Historical Figures
Kuo Chuan Avenue,Historical Figures
Kurau Terrace,Tropical Birds
Kwong Avenue,Historical Figures
Kwong Min Road,Ancient Dynasty
La Salle Street,Historical Figures
Labrador Villa Road,Historic Architecture
Ladang Avenue 1,Rural Industry
Ladang Parade Square,Farming Infrastructure
Ladang Ring,Agricultural
Ladang Ring 3,Agricultural
Ladang Ring 4,Agricultural Land
Ladang Street 1,Agricultural
Ladang Street 2,Agricultural
Ladang Street 4,Farming
Ladang Street 5,Agricultural
Lady Hill Road,Historical Figure
Lagos Circle,Orchard
Lakepoint Drive,Lakeside Route
Lakeside Drive,Waterfront
Lakme Street,Fashion And Beauty
Lakme Terrace,Colonial Architecture
Lambeth Walk,Historical Figures
Lange Road,Railway Names
Langsat Road,Fruit Roads
Lantana Avenue,Tropical Plants
Larkhill Road,Road Named After Birds
Lasia Avenue,Historical Figures
Laurel Wood Avenue,Nature Inspired
Lavender Gardens,Gardens
Lavender Street,Herbal Medicine
Leaders Square,Historic Figures
Leedon Heights,Hill Residential
Leedon Road,Historic Residential
Leicester Road,Historical Figures
Leith Road,River Names
Lembu Road,Animal Farm
Lemon Avenue,Citrus Streets
Lempeng Drive,Fruit Streets
Leng Kee Road,Fruits And Plants
Lengkok Bahru Heights,Upscale Housing Estate
Lentor Avenue,Nature
Lentor Central,Nature-inspired
Lentor Crescent,Tropical Flora
Lentor Drive,Geological Formation
Lentor Gardens,Botanical Names
Lentor Hills Road,Hilltop Residential
Lentor Lane,Railway Crossings
Lentor Link,Modern Infrastructure
Lentor Loop,Transport Infrastructure
Lentor Road,Historical Figures
Lentor Street,Modern Architecture
Lentor Terrace,Tropical Garden
Lentor Walk,Modern Housing Estate
Lentor Way,Railway Connections
Leo Drive,Drive Named After Animals
Leonie Gardens,Exclusive Residential
Leonie Hill,Hill Names
Leonie Hill Road,Hill Names
Lermit Road,Frog-Themed
Leshan Gardens,Tropical Horticulture
Leuchars Road,Historic Military
Lew Lian Gardens,Botanical
Lewin Terrace,Historical Figures
Lewis Road,Historic Figures
Leyden Hill,Hill Names
Li Hwan Close,Chinese
Li Hwan Drive,Historical Figures
Li Hwan Terrace,Colonial Architecture
Li Hwan Walk,Chinese Name
Li Po Avenue,Historic figure
Liane Road,Raffles Park
Liang Seah Street,Historical Streets
Libra Drive,Astrology
Lichfield Road,Historical Figures
Lichi Avenue,Fruit Named
Lien Ying Chow Drive,Historical Figure
Lilac Drive,Floral Drive
Lilac Road,Floral Street
Lilac Walk,Flora Path
Lily Avenue,Floral
Lim Ah Pin Road,Surname-Based
Lim Ah Woo Road,Fruits And Trees
Lim Chu Kang Lane 1,Rural Roads
Lim Chu Kang Lane 1A,Historical Figure
Lim Chu Kang Lane 2,Agricultural
Lim Chu Kang Lane 3,Rural Thoroughfare
Lim Chu Kang Lane 3A,Agricultural Legacy
Lim Chu Kang Lane 4,Agricultural
Lim Chu Kang Lane 5,Rural Roads
Lim Chu Kang Lane 5A,Rural Residential
Lim Chu Kang Lane 6,Farming Legacy
Lim Chu Kang Lane 6C,Rural Heritage
Lim Chu Kang Lane 6D,Agricultural
Lim Chu Kang Lane 6F,Rural
Lim Chu Kang Lane 8,Rural Legacy
Lim Chu Kang Lane 8A,Rural
Lim Chu Kang Lane 9A,Rural Route
Lim Chu Kang Road,Rural Agriculture
Lim Liak Street,Historical Figures
Lim Tai See Walk,Historical Figure
Lim Teck Boo Road,Historical Figures
Lim Teck Kim Road,Historical Figures
Lim Tua Tow Road,Heritage
Limau Rise,Fruit-themed Streets
Limau Terrace,Fruit Named
Limau Walk,Fruit Names
Limbok Terrace,Historical Figures
Lincoln Road,Historical Figures
Linden Drive,Artistic Names
Link Fc1 To Prince Edward Drive,Transportation Hubs
Link Road,Transportation
Little Road,Historical Figures
Lloyd Road,Historic Figures
Lock Road,Riverside Thoroughfares
Loewen Road,Historical Figures
Log Walk,Nature Trail
Lok Yang Way,Rural
Loke Yew Street,Chinatown Streets
Lompang Road,Rice Mill Legacy
London Road,Historical Route
Lookout Loop,Viewpoint Roads
Lornie Road,Tree lined avenue
Lornie Walk,Nature Trail
Lorong 1 Geylang,Geylang Streets
Lorong 1 Realty Park,Real Estate
Lorong 1 Toa Payoh,Historical
Lorong 10 Geylang,Historical Streets
Lorong 101 Changi,Airport-themed
Lorong 102 Changi,Historical Place
Lorong 104 Changi,Military Aviation
Lorong 105 Changi,Airport-related
Lorong 106 Changi,Historical Figures
Lorong 107 Changi,Changi Village
Lorong 108 Changi,Military Aviation
Lorong 11 Geylang,Historic Place Names
Lorong 110 Changi,Military Aviation
Lorong 12 Geylang,Historical
Lorong 13 Geylang,Historic Landmarks
Lorong 14 Geylang,Historical
Lorong 15 Geylang,Geographical Location
Lorong 16 Geylang,Historical Figures
Lorong 17 Geylang,Historical Place
Lorong 18 Geylang,Geographical
Lorong 19 Geylang,Historic Landmarks
Lorong 1A Toa Payoh,Residential Numbering
Lorong 2 Realty Park,Park Lane
Lorong 2 Toa Payoh,Historical Figures
Lorong 20 Geylang,Geylang Streets
Lorong 21 Geylang,Geylang Streets
Lorong 21A Geylang,Geylang Lorongs
Lorong 22 Geylang,Historic Place Names
Lorong 23 Geylang,Historical Landmark
Lorong 24 Geylang,Historical
Lorong 24A Geylang,Historical Figures
Lorong 25 Geylang,Geylang Numbers
Lorong 25A Geylang,Geylang Streets
Lorong 26 Geylang,Historical Figures
Lorong 27 Geylang,Historical Streets
Lorong 27A Geylang,Historical Figures
Lorong 28 Geylang,Geylang Streets
Lorong 29 Geylang,Geylang Streets
Lorong 3 Geylang,Geylang Streets
Lorong 3 Toa Payoh,Historical Figure
Lorong 30 Geylang,Historical Place Names
Lorong 31 Geylang,Geylang Streets
Lorong 32 Geylang,Historical Place Names
Lorong 33 Geylang,Historical
Lorong 34 Geylang,Geylang Streets
Lorong 35 Geylang,Historical
Lorong 36 Geylang,Geylang Location
Lorong 37 Geylang,Geylang Streets
Lorong 38 Geylang,Geylang
Lorong 39 Geylang,Geylang Roads
Lorong 4 Geylang,Historical Streets
Lorong 4 Realty Park,Real Estate
Lorong 4 Toa Payoh,Industrial
Lorong 40 Geylang,Geographical Reference
Lorong 41 Geylang,Historical Figures
Lorong 42 Geylang,Geylang Streets
Lorong 5 Realty Park,Park Real Estate
Lorong 5 Toa Payoh,Geographic Location
Lorong 6 Geylang,Historic Street
Lorong 6 Realty Park,Real Estate
Lorong 6 Toa Payoh,Toa Payoh Numbers
Lorong 7 Geylang,Geographical Reference
Lorong 7 Realty Park,Real Estate
Lorong 7 Toa Payoh,Historical
Lorong 8 Geylang,Historical Streets
Lorong 8 Toa Payoh,Historical Figures
Lorong 8A Toa Payoh,Singapore Streets
Lorong 9 Geylang,Historical Streets
Lorong Abu Talib,Islamic figure
Lorong Ah Soo,Fictional Character
Lorong Ah Thia,Historical Figures
Lorong Ampas,Riverine
Lorong Asrama,Military Camp
Lorong Ayam Belaga,Food Streets
Lorong Ayam Denak,Poultry Street
Lorong Ayam Hutan,Avian Forest
Lorong Ayam Jalak,Bird Street
Lorong Ayam Katek,Food Markets
Lorong Bachok,Malay Heritage
Lorong Bakar Batu,Historical Figures
Lorong Bandang,Tropical Fruit
Lorong Banir Forest,Tropical Nature
Lorong Banir Stream,Natural Feature
Lorong Batawi,Industrial Legacy
Lorong Bekukong,Tropical Birds
Lorong Biawak,Reptilian Wildlife
Lorong Bin Kiang,Historical Figures
Lorong Bistari,Cultural Heritage
Lorong Buang Kok,Kok Family Names
Lorong Buangkok,Rural-Inspired
Lorong Bunga,Tropical Florals
Lorong Cahya Mata 2A7,Religious Architecture
Lorong Chan Chin Mooi,Historical Figures
Lorong Chencharu,Fictional Character
Lorong Chow Thye,Historical Figures
Lorong Chuan,Historical Figures
Lorong Danau,Waterway
Lorong G Telok Kurau,Heritage Streets
Lorong Gambir,Spice Route
Lorong H Telok Kurau,Kurau Street
Lorong Halus,Historical Figures
Lorong Halus Bridge,Industrial Infrastructure
Lorong Halus Park Connector,Nature & Parks
Lorong Halus Wetland,Nature Reserve
Lorong Halwa,Sweets And Treats
Lorong How Sun,Historical Figures
Lorong J Telok Kurau,Historical Figures
Lorong K Telok Kurau,Kurau Place Names
Lorong Kebasi,Malay Names
Lorong Kembang,Tropical Blooms
Lorong Kembangan,Kembang Plantation
Lorong Kemunchup,Fruits And Vegetables
Lorong Kerepek,Malay Snack
Lorong Kilat,Military Signal
Lorong Kismis,Fruits
Lorong Kondo Apartment University 1A,Kondo Apartments
Lorong L Telok Kurau,Historical Figures
Lorong Lada Hitam,Food Markets
Lorong Lew Lian,Historical Figures
Lorong Limau,Fruit Streets
Lorong Liput,Food and Drink
Lorong Low Koon,Peranakan Culture
Lorong M Telok Kurau,Kurau Waterfront
Lorong Mambong,Fruits
Lorong Marican,Naming Culture
Lorong Marican Interim Park,Temporary Green Space
Lorong Marzuki,Malay Heritage
Lorong Mazuki Interim Park,Temporary Green Space
Lorong Mega,Commercial Hub
Lorong Melayu,Malay Heritage
Lorong Melayu Interim Park,Temporary Green Space
Lorong Melayu Park,Cultural Landmark
Lorong Melukut,Fruits And Vegetables
Lorong Mydin,Historical Figures
Lorong Mydin Interim Park,Temporary Green Space
Lorong N,Geometric Patterns
Lorong N Telok Kurau,Kurau Avenue
Lorong Nangka,Tropical Fruit
Lorong Napiri,Fictional Character
Lorong Ong Lye,Singapore Pioneers
Lorong Ong Lye Park,Park Naming
Lorong Pasu,Plantation Path
Lorong Paya Lebar,Historical Namesake
Lorong Payah,Historical figure
Lorong Pelita,Luminous Lane
Lorong Penchalak,"Food Street"
Lorong Pendek,Short Street
Lorong Pisang Asam,Tropical Fruits
Lorong Pisang Batu,Fruit Names
Lorong Pisang Emas,Golden Banana Lane
Lorong Pisang Hijau,Tropical Fruit
Lorong Pisang Raja,Fruit Kings
Lorong Pisang Udang,Fruits & Seafood
Lorong Pulai,Fruits And Vegetables
Lorong Puntong,Plantation
Lorong Rusuk,Plantation Path
Lorong Sakai,Animal Street
Lorong Salleh,Historical Figures
Lorong Samak,Seafood Street
Lorong Sarhad,Historical Figures
Lorong Sari,Naming after flowers
Lorong Sarina,Malay Heritage
Lorong Sarina Interim Park,Temporary Green Space
Lorong Selangat,Historical Malay
Lorong Semangka,Fruit Streets
Lorong Serai,Tropical Plants
Lorong Serambi,Malay Architecture
Lorong Sesuai,Historical Figures
Lorong Sidin,Historical Landmarks
Lorong Siglap,Historical Figures
Lorong Sireh Pinang,Tropical Fruits
Lorong Stangee,Historical Figures
Lorong Tahar,Historical Figure
Lorong Tanggam,Fruits And Plants
Lorong Tanggam Park,Nature
Lorong Tawas,Fishing Villages
Lorong Telok,Riverine
Lorong Temechut,Historical Figures
Lorong Terigu,Food
Lorong Titiwangsa 1,Malay Culture
Lorong Titiwangsa 11,Historical Figures
Lorong Titiwangsa 2,Historical Figures
Lorong Titiwangsa 5,Heritage
Lorong Titiwangsa 6,Malay-Muslim Streets
Lorong Titiwangsa 7,Historical Figures
Lorong Titiwangsa 8,Historical Figures
Lorong Titiwangsa 9,Historical Figures
Lothian Terrace,Historical British
Lotus Avenue,Floral Street
Lower Delta Road,Riverside Thoroughfare
Lower Heliconia Drive,Tropical Flowers
Lower Kent Ridge Road,Historical Names
Lower Kingfisher Road,Birds
Lower Palm Valley Road,Tropical Landscape
Lower Pasir Merah Road,Historical
Lower Ring Road,Rings
Lower Road,Historical
Lower Seletar Close,Waterfront Residential
Lowland Road,Rural Namesake
Loyang Avenue,Avenue
Loyang Besar Close,Historical Figures
Loyang Close,Residential Estate
Loyang Crescent,Residential Curve
Loyang Drive,Industrial Estate
Loyang Gardens,Estate Gardens
Loyang Lane,Kampong Road
Loyang Link,Riverine Connections
Loyang North Drive,Industrial Estate
Loyang Rise,Rise
Loyang Street,Loyang: Coastal
Loyang Walk,Waterfront
Loyang Way,Rural Landscape
Loyang Way 1,Industrial Park
Loyang Way 2,Industrial Park
Loyang Way 4,Rural Route
Loyang Way 6,Industrial Estate
Lucky Crescent,Feng Shui
Lucky Gardens,Gardens
Lucky Heights,LUCKY PLACES
Lucky Rise,Mythological Places
Lumnitzera Walk,Tropical Botany
Lush On Holland Hill,Hills & Terrains
Lutheran Road,Religious Names
Luxus Hill Avenue,Luxury Residential
Luxus Hill Drive,Luxury
Luxus Hill Heights,Luxury Living
Luxus Hill Road,Luxury Residential
Lyndhurst Road,Victorian Architecture
Lyneham Road,Singapore Streets
Macalister Road,Historical Figures
Mackenzie Road,Early European Settlers
Mackerrow Road,Historical Figures
Macpherson Lane,Historical Figures
Macpherson Road,Historic Figures
Macpherson Walk,Military Figures
Mactaggart Road,Early Settler
Madras Street,Indian Heritage
Magazine Road,Historical Publications
Maidstone Road,Historical Name
Main Gate Road,Military Theme
Main Road,Transportation
Maju Avenue,Avenue
Maju Drive,Aviation
Makepeace Road,Historic Figures
Makeway Avenue,Historical Figures
Malabar Street,Malay Heritage
Malacca Street,Historical Streets
Malan Road,Heritage
Malay Street,Malay Heritage
MalaysiaSingapore Second Link,Transportation
Malcolm Road,Historical Figures
Malta Crescent,Historical Sites
Mandai Avenue,Avenue
Mandai Lake Road,Lake
Mandai Link,Animal Conservation
Mandai Quarry Road,Mining Infrastructure
Mandai Road,Wildlife Conservation
Mandalay Road,Colonial Legacy
Mandale Heights,Hillside Residence
Mandarin Gardens,Asian Culture
Mangis Road,Fruit Tree Avenue
Mangrove Walk,Nature Trail
Manila Street,Philippines Street
Manston Road,Aviation
Maple Avenue,Botanical
Maple Lane,Maple Tree Avenue
Mar Thoma Road,Christianity
Mar Thoma Syrian Church Road,Religious Institution
Marang Road,Tropical Fruit
Maranta Avenue,Botanical Pathway
Margaret Drive,Historical Figures
Margate Road,Sea Side
Margate Terrace,Victorian Architecture
Margoliouth Road,Literary Figures
Maria Avenue,Historical Figure
Mariam Close,Isolated Figures
Mariam Walk,Historic Figure
Mariam Way,Marian Names
Marigold Drive,Flower Streets
Marina Boulevard,Waterfront
Marina Coastal Drive,Marina Drive
Marina Coastal Expressway,Marina Infrastructure
Marina Costal Expressway,Marina Coastal Road
Marina East Drive,Waterfront
Marina Gardens Crescent,Marina Views
Marina Gardens Drive,Marina Views
Marina Gardens Lane,Marina Gardens
Marina Gardens Walk,Gardens Waterfront
Marina Link,Marina
Marina South Avenue,Waterfront
Marina South Drive,Waterfront
Marina Square,Waterfront
Marina View Link,Waterfront Connection
Marina Way,Waterfront
Marine Crescent,Waterfront
Marine Crescent Gardens,Marine-Themed Park
Marine Drive,Coastal Boulevard
Marine Drive Gardens,Coastal Living
Marine Parade Central,Coastal Infrastructure
Marine Parade Road,Coastal Infrastructure
Marine Terrace,Maritime Residential
Marine Terrace Walk,Waterfront Walk
Maritime Square,Maritime Landmarks
Market Street,Market
Marlene Avenue,Historical Figures
Marne Road,Historical Names
Marshall Lane,Military Figures
Marshall Road,Military Figures
Marsiling Crescent,Space Exploration
Marsiling Drive,Astronomy
Marsiling Gardens,Garden
Marsiling Heights,Housing Estate
Marsiling Industrial Estate Road 1,Industrial Estate
Marsiling Industrial Estate Road 10,Industrial Estate
Marsiling Industrial Estate Road 2,Industrial Park
Marsiling Industrial Estate Road 3,Industrial Park
Marsiling Industrial Estate Road 4,Industrial Estate
Marsiling Industrial Estate Road 5,Industrial Estate
Marsiling Industrial Estate Road 6,Industrial Complex
Marsiling Industrial Estate Road 7,Industrial Park
Marsiling Industrial Estate Road 8,Industrial Estate
Marsiling Industrial Estate Road 9,Industrial Park
Marsiling Lane,Rice Mill Legacy
Marsiling Rise,Rise And Shine
Marsiling Road,Space Exploration
Martaban Road,Historical Figures
Martia Road,Railway Names
Martin Road,Road Name
Maryland Drive,Historic American State
Marymount Lane,Historical Figures
Marymount Road,Historic Figure
Marymount Terrace,Historical Figures
Mas Kuning Terrace,Fruit Street
Matlock Rise,Hill Rise
Mattar Road,Historical Figures
Maude Road,Historical Figure
Maxwell Link,Historical Figures
Maxwell Road,Historic figures
May Road,Historical Figure
Mayfair Gardens,Gardens Residential
Mayfield Avenue,Verdant Residential
Mayflower Avenue,Botanical Lane
Mayflower Crescent,Botanical
Mayflower Drive,Historical Place
Mayflower Lane,Historical
Mayflower Rise,Rise Names
Mayflower Road,Road Named After Flower
Mayflower Terrace,Historical Figures
Mayflower Way,Botanical
Mayne Road,Historical Figure
Mayo Street,Food And Beverage
Mber Teck Chye Terrace,Chineesestyle Architecture
Mccallum Street,Historical Figures
Mcnair Heights,Colonial Figures
Mcnair Road,Road Named After Person
Mcnally Street,Historical Figures
Media Circle,Technology Hub
Media Link,Media
Media Walk,Media Corridor
Medical Drive,Medical Facilities
Medway Drive,Historical
Mei Chin Road,Road
Mei Hwan Crescent,Floral Street Name
Mei Hwan Drive,Historical Figures
Mei Hwan Road,Asian Names
Mei Ling Heights,Hill Names
Mei Ling Street,Historical Figure
Melrose Drive,Historical Figures
Meng Suan Road,Historical Figures
Meragi Close,Singapore Roads
Meragi Road,Rural References
Meragi Terrace,Tropical Plants
Merah Heights,Historical Figures
Meranti Crescent,Tropical Plants
Meranti Road,Tropical Trees
Merbau Road,Tropical Timber
Merchant Loop,Historical Trade
Merchant Road,Historical Figures
Mergui Road,Road Names: Places
Merino Crescent,Fibre Textile
Merlimau Road,Riverside
Merpati Road,Bird Street
Merryn Avenue,Avenue Names
Merryn Close,Residential Streets
Merryn Drive,Residential
Merryn Road,Road Named After Person
Merryn Terrace,Historical Figures
Metropole Drive,Road Infrastructure
Mewr Private Road,Private Roads
Meyappa Chettiar Road,Famous People
Meyer Road,Road Name
Mid-Canopy Walk,Nature Trail
Middle Road,Historic Transport
Middlesex Road,Historic Colonization
Millenia Walk,Modern Architecture
Miller Street,Early Settlers
Miltonia Close,Tropical Plants
Mimosa Crescent,Botanical Avenue
Mimosa Drive,Floral Drive
Mimosa Gardens,Tropical Plants
Mimosa Road,Flora Street
Mimosa Terrace,Botanical
Mimosa Walk,Flora Path
Minaret Walk,Middle Eastern Architecture
Minbu Road,Historical Figures
Minden Road,Historic Estate
Minto Road,Historical Figures
Mist Walk,Mystic Paths
Mistri Road,Historical Figures
Moberly Close,Victorian Names
Moh Guan Terrace,Historic Residential
Mohamed Ali Lane,Historical Figure
Mohamed Sultan Road,Islamic Heritage
Monk'S Hill Road,Religious Figures
Monk'S Hill Terrace,Historical Figures
Montreal Drive,European Cities
Montreal Link,French-themed Streets
Montreal Road,Historical Figures
Montrose Terrace,Colonial Architecture
Moonbeam Drive,Lunar Themed
Moonbeam Terrace,Moonlit Allee
Moonbeam Walk,Lunar-Inspired
Moonstone Lane,Historical Figures
Moreton Close,Historical Figures
Morimasa Gardens,Japanese-Inspired Architecture
Morley Road,Historical Figures
Mornington Crescent,Railway Stations
Morse Road,Historical Figure
Moulmein Rise,Riverside Residences
Moulmein Road,Historical Figures
Mount Elizabeth Link,Medical
Mount Emily Road,Historical Landmark
Mount Faber Loop,Hilltop Drive
Mount Faber Road,Mountain Road
Mount Pleasant Avenue,Hilltop Residential
Mount Pleasant Drive,Hillside Residential
Mount Pleasant Road,Hilltop Residential
Mount Road,Mountain Path
Mount Rosie Road,Historic
Mount Rosie Terrace,Mountain View
Mount Sinai Avenue,Religious Landmarks
Mount Sinai Crescent,Religious Landmarks
Mount Sinai Drive,Religious Landmarks
Mount Sinai Lane,Religious Landmark
Mount Sinai Rise,Biblical Landmarks
Mount Sinai Road,Biblical Places
Mount Sinai Walk,Religious Landmarks
Mount Vernon Lane,Historical Figures
Mount Vernon Road,Historical Figures
Mountbatten Road,Monument Namesake
Mountbatten Square,Historic Royalty
Mowbray Road,Colonial Architecture
Mugliston Gardens,Botanical
Mugliston Hill,Hilltop Residence
Mugliston Road,Colonial Officers
Mugliston Walk,Nature Trail
Mulberry Avenue,Fruit Tree
Munshi Abdullah Avenue,Literary Landmarks
Munshi Abdullah Walk,Historical Figures
Murai Farmway,Agricultural
Murray Street,Historic Figures
Murray Terrace,Historical Figures
Muscat Street,Muscat Fruit Street
Muswell Hill,Hillock
Muthuraman Chetty Road,Historical Figures
Nallur Road,Tamil Heritage
Namly Avenue,Historical Person
Namly Close,Kampong-inspired
Namly Crescent,Tropical Fauna
Namly Drive,Tropical Fruit
Namly Hill,Hill Names
Namly Rise,Hill Names
Nankin Street,Historical Figures
Nanson Road,Historical Figures
Nanyang Avenue,Avenue Names
Nanyang Circle,Cultural Institutions
Nanyang Crescent,Nanyang Architecture
Nanyang Drive,Nanyang Drive
Nanyang Heights,Hilltop Residential
Nanyang Hill,Hill Name
Nanyang Link,Nanyang Technology
Nanyang Terrace,Historical Figures
Nanyang Walk,Botanical Path
Napier Road,Early Singaporeans
Narayanan Chetty Road,Indian Names
Narooma Road,Rivers and Streams
Nassim Hill,Noble Family Name
Nassim Road,Historical Figures
Nathan Road,Historical Figure
Nee Soon Road,Historical Figures
Neil Road,Early Colonial
Nemesu Avenue,Singapore Streets Named After Places
Neo Pee Teck Lane,Historical Figures
Neo Tiew Crescent,Rural Idyllic
Neo Tiew Harvest Lane,Agricultural
Neo Tiew Harvest Link,Agricultural
Neo Tiew Lane 1,Rural
Neo Tiew Lane 2,Rural Namesake
Neo Tiew Lane 3,Rural Pathways
Neo Tiew Road,Rural Pathways
Nepal Hill,Hill Names
Neram Crescent,Tropical Plants
Neram Road,Road Name Theme
Netheravon Road,Military Aviation
New Bridge Road,Historical Landmark
New Industrial Road,Industrial Infrastructure
New Loyang Link,Waterfront Views
New Market Road,Market Place
New Punggol Road,Historical Namesake
New Upper Changi Road,Road Name
Newton Road,Food Markets
Neythai Road,Sikh Heritage
Neythal Road,Marina Bay Streets
Nicoll Drive,Transportation Hub
Nicon Gardens,Tropical Resorts
Nihon Food Street,Asian Cuisine Alley
Nim Crescent,Tree-lined Crescent
Nim Drive,Transportation
Nim Gardens,Botanical
Nim Rise,Rise And Shine
Nim Road,Nim Game
Nim Terrace,Historic Residential
Nineteen Shelford Road,Historical Dates
Niven Road,Botanical
No 61 Lorong N,Historical Figures
Norfolk Road,Historic British Names
Norma Terrace,Tree Named
Norris Road,Road Named After Person
North Bridge Road,Historical Namesake
North Buona Vista Drive,Historical Figure
North Buona Vista Link,Transportation Infrastructure
North Buona Vista Road,Road Direction
North Canal Road,Historical Trade Route
North Coast Avenue,Coastal Location
North Coast Crescent,Coastal Living
North Coast Drive,Coastal Route
North Perimeter Road,Perimeter Road
North Road,NORTHERN ROAD
North Woodlands Drive,Nature
Northolt Road,Road Names: Royal Family
Northpoint Drive,Road Infrastructure
Northshore Crescent,Waterfront Residences
Northshore Drive,Waterfront
Northshore Link,Waterfront Connectivity
Northshore Walk,Waterfront
Northstar Road,Cosmic Navigation
Northumberland Road,Historical Figures
Novena Gardens,Gardens Residential
Novena Hill,Religious Sites
Novena Rise,Religious Reference
Novena Terrace,Religious Landmarks
Ns Square,Fitness And Sports
Nus Hill,Hill Names
Nutmeg Road,Spice Trade
Oak Avenue,Nature
Ocbc Square,Banking
Ocean Drive,Beachside Promenade
Ocean Way,Maritime Thoroughfare
Office Ring Road,Road Infrastructure
Office Road,Business District
Old Airport Road,Airport History
Old Birdcage Walk,Historical Structures
Old Choa Chu Kang Road,Historical Routes
Old Dairy Farm Road,Agricultural Past
Old Holland Road,Dutch Colonial
Old Jurong Road,Historical
Old Lim Chu Kang Road,Historical Figures
Old Middle Road,Historic Routes
Old Nelson Road,Historical Names
Old Parliament Lane,Historical Landmark
Old Pier Road,Historical Infrastructure
Old Police Academy Road,Historical Landmarks
Old Sarum Road,Historical Figures
Old Tampines Road,Historical
Old Toh Tuck Road,Historical Route
Old Upper Thomson Road,Historical
Old Yio Chu Kang Road,Historical Figures
Oldham Lane,Naming After British Town
Olive Road,Food Names
Olympic Walk,Sports Infrastructure
Omar Khayyam Avenue,Astronomer Poets
On-Road Cycling Lane,Transportation Infrastructure
Onan Road,Fictional Character
One George Street,Historical Figure
One Marina Gardens,Gardens by the Bay
One Oxley Rise,Upscale Housing
One Raffles Institution Lane,Historic Figures
One Raffles Link,Raffles Related
One Sims Lane,Riverfront Residences
One Tree Hill,Hill Street
One-North Avenue,Tech Hub
One-North Crescent,Tech Innovation
One-North Link,Tech Hub
Onraet Road,Fruit-Based
Ontario Avenue,Historical Figure
Opal Crescent,Geometric Shapes
Open Square,Open Spaces
Ophir Road,Historic Exploration
Orange Grove Road,Fruit Trees
Orchard Boulevard,Orchard Trees
Orchard Central,Shopping Mall
Orchard Link,Modern Shopping
Orchard Road,Commercial Hub
Orchard Spring Lane,Spring Themed
Orchid Club Road,Orchids And Clubs
Orchid Drive,Botanical
Oriole Crescent,Aviary Crescents
Ottawa Road,Historical Names
Oue Link,Business Hub
Outram Hill,Hill And Valley
Outram Road,Historical Figures
Owen Road,Road Named After A Person
Oxford Road,Historical Figures
Oxford Street,Historic European
Oxley Rise,Hill Names
Oxley Road,Historical Figure
Oxley Walk,Oxley Military
Pagoda Street,Chinatown Landmark
Pahang Street,Southeast Asian Regions
Pakistan Road,Asian Nations
Palawan Beach Walk,Tropical Coastline
Palm Avenue,Tropical Flora
Palm Drive,Tropical Plants
Palm Gardens,Tropical Landscape
Palm Grove Avenue,Tropical Botanical
Palm Oasis Entrance Road,Tropical Entrance
Palm Road,Tropical Flora
Palmer Road,Historic Figures
Pan Island Expressway,Highway Network
Pan-Island Expressway,Transportation Infrastructure
Pandan Avenue,Tropical Fruits
Pandan Crescent,Tropical Fruit
Pandan Gardens,Gardens
Pandan Loop,Tropical Fruit
Pandan Road,Tropical Fruit
Pang Seng Road,Railway Colonization
Parade Square,Historic Places
Parbury Avenue,Historical Figures
Parbury Hill,Hill Streets
Pari Dedap Walk,Rice Farming
Park Central,Central Park
Park Crescent,Historical Figures
Park Lane,Luxury Residential
Park Street,Park
Park Villas Rise,Historic Residential
Park Villas Terrace,Residential Green Space
Parking Lot - 220 Canada Road,Canada-themed
Parkroyal On Beach Road,Luxury Hotel
Parkstone Road,Historic Figures
Parkview Square,Art Deco Architecture
Parry Avenue,Avenue Names
Parry Road,Road Named After Person
Parry Terrace,Historical Figures
Parry Walk,Historical Figures
Parsi Road,Cultural
Pasar 216 Bedok Central,Market Street
Pasir Avenue,Tropical Geography
Pasir Drive,Riverfront
Pasir Laba Road,Historical Figure
Pasir Merah Avenue,Mineral Landscape
Pasir Merah Drive,Riverside Routes
Pasir Merah Link,Historical Landmarks
Pasir Merah Rise,Geological Landmarks
Pasir Panjang Close,Coastal Reference
Pasir Panjang Drive,Riverside Road
Pasir Panjang Drive 1,Rural Heritage
Pasir Panjang Drive 14,Transportation Infrastructure
Pasir Panjang Drive 2,Road Infrastructure
Pasir Panjang Drive 3,Road Infrastructure
Pasir Panjang Drive 5,Industrial Park
Pasir Panjang Drive 6,Industrial Park
Pasir Panjang Drive3,Road Infrastructure
Pasir Panjang Hill,Hill Names
Pasir Panjang Road,Riverside Thoroughfare
Pasir Ris Avenue,Coastal Settlement
Pasir Ris Central,Coastal Residential
Pasir Ris Central Street 3,Urban Infrastructure
Pasir Ris Close,Coastal Residential
Pasir Ris Drive 1,Coastal Infrastructure
Pasir Ris Drive 10,Coastal Residential
Pasir Ris Drive 12,Coastal Drive
Pasir Ris Drive 2,Coastal
Pasir Ris Drive 3,Coastal Residential
Pasir Ris Drive 4,Residential Road
Pasir Ris Drive 6,Urban Infrastructure
Pasir Ris Drive 8,Coastal Infrastructure
Pasir Ris Farmway 1,Rural Route
Pasir Ris Farmway 2,Agricultural
Pasir Ris Farmway 3,Agricultural
Pasir Ris Heights,Tropical Landscape
Pasir Ris Industrial Drive 1,Industrial Park
Pasir Ris Industrial Drive 3,Industrial
Pasir Ris Lane,Coastal Landmark
Pasir Ris Link,Coastal Connection
Pasir Ris Rise,Coastal Landmarks
Pasir Ris Road,Coastal Route
Pasir Ris Street 11,Coastal Residential
Pasir Ris Street 12,Coastal Settlement
Pasir Ris Street 13,Costal Living
Pasir Ris Street 21,Coastal Settlement
Pasir Ris Street 41,Coastal Settlement
Pasir Ris Street 51,Coastal Residential
Pasir Ris Street 52,Coastal Residential
Pasir Ris Street 53,Coastal Settlement
Pasir Ris Street 71,Coastal Living
Pasir Ris Street 72,Residential Road
Pasir Ris Terrace,Residential Roads
Pasir Ris Walk,Nature Trail
Pasir Ris Way,Coastal Residential
Pasir Way,Historical Figure
Paterson Hill,Hill Streets
Paterson Road,Transportation Hub
Patrol Road 3,Military Names
Patterson Road,Historical Figures
Paul Little Drive,Named after Person
Pavilion Circle,Cultural Arts District
Pavilion Rise,Art Deco
Pavilion Street,Art Deco
Paya Lebar Crescent,Avenue of Trees
Paya Lebar Link,Transportation Corridor
Paya Lebar Road,Transportation Hub
Paya Lebar Square,Neighbourhood Hub
Paya Lebar Street,Transportation Hub
Paya Lebar Walk,Urban Recreation
Paya Lebar Way,Historical Figure
Peakville Avenue,Historical Figures
Peakville Terrace,Hillside Residence
Peakville Walk,Peak Residential
Pearl'S Hill Road,Historic Landmarks
Pearl'S Hill Terrace,Colonial Architecture
Pebble Lane,Nature-inspired
Peck Hay Road,Historical Figure
Peck Seah Street,Historical Figures
Peel Road,Road Named After Fruit
Pegu Road,Road Named After Plant
Pei Wah Avenue,Fruit Trees
Peirce Drive,Historical Figure
Peirce Hill,Historical Figure
Peirce Road,Historical
Pekin Street,China-Themed
Pemimpin Drive,Naming Style: Malay
Pemimpin Terrace,Historical Figures
Penang Lane,Nautical
Penang Road,Malay Archipelago
Pender Road,Historical Figures
Pending Road,Road Name
Peng Kang Avenue,Avenue of Peace
Peng Nguan Street,Historical Figures
Penhas Road,Kampong Roads
Penjuru Close,Floral Plant
Penjuru Lane,Rural-Inspired
Penjuru Road,Nature Trail
Penjuru Street,Nature
Penjuru Walk,Nature Trail
Pennefather Road,Historical Figures
Pepys Road,Historical Figures
Perahu Road,Maritime Names
Perak Road,Historic Royalty
Percival Road,Historical Figure
Pereira Road,Historical Figures
Permatang Avenue,Tropical Flora
Perumal Road,Religious Namesakes
Pesari Walk,Fruit Market
Pesawat Drive,Aviation Street
Pesek Drive,Geographical
Pesek Road,Railway-related
Petain Road,World War II Figures
Petir Road,Historical Figures
Pheng Geck Avenue,Bird Street
Phillip Street,Historical Figures
Phillips Avenue,British Colonial
Phoenix Avenue,Mythical Creatures
Phoenix Rise,Mythical Creatures
Phoenix Road,Mythical Creatures
Phoenix Walk,Mythical Creatures
Pickering Street,Historical Figures
Pillai Road,Historical Figure
Pine Close,Tropical Plants
Pine Lane,Pine Tree Lane
Pine Walk,Nature Trail
Pinetree Hill,Natural Feature
Pinewood Gardens,Botanical
Ping Yi Gardens,Botanical
Ping-An Gardens,Botanical
Pioneer Crescent,Historical Figures
Pioneer Road,Historical Figures
Pioneer Sector Lane,Industrial Park
Pioneer Sector Walk,Historical Figure
Pioneer Walk,Pioneer History
Pionner Road,Historical Figures
Pipit Road,Bird Street
Pit Lane,Racing Circuit
Plantation Avenue,Tropical Agriculture
Plantation Close,Planter's Residence
Plantation Crescent,Tropical Agriculture
Plantation Drive,Historic Plantations
